method,variable,stratum,lead,rmse,mse,mean_error,centered_mse
Pangu,T2M,Low member disagreement,Equal-lead average,0.5937768743013639,0.3584472971291093,-0.13913853961393877,0.3380071554936637
Pangu,T2M,Low member disagreement,72,0.4965546540992839,0.24656652450765948,-0.09554186809582782,0.23743827594841893
Pangu,T2M,Low member disagreement,120,0.6008505201652743,0.3610213475828806,-0.146957951282589,0.3394247081377048
Pangu,T2M,Low member disagreement,168,0.6839254486395339,0.4677540192967877,-0.17491579946339944,0.43715848239486754
Pangu,T2M,Middle member disagreement,Equal-lead average,0.9983218574299336,1.002030403299979,-0.23964638847029626,0.9379862116929791
Pangu,T2M,Middle member disagreement,72,0.9125752959950135,0.8327936708603866,-0.1320451374808516,0.8153577525280495
Pangu,T2M,Middle member disagreement,120,0.9905843308232197,0.981257316472486,-0.2582734693704617,0.9145521314918312
Pangu,T2M,Middle member disagreement,168,1.0918059454715678,1.192040222567064,-0.32862055855957556,1.0840487510590566
Pangu,T2M,High member disagreement,Equal-lead average,2.5013971046944867,6.511837713810858,-0.07803414728151656,6.494696071998263
Pangu,T2M,High member disagreement,72,1.8983222483366329,3.603627358529849,0.02595669935744627,3.602953608288316
Pangu,T2M,High member disagreement,120,2.4720253370551943,6.110909267042848,-0.03800838626038756,6.1094646296167285
Pangu,T2M,High member disagreement,168,3.1338437286916334,9.82097651585988,-0.2220507549416084,9.771669978089742
Pangu,T2M,All grid cells,Equal-lead average,1.5349654879706411,2.5232059020036837,-0.1642001956227852,2.491439677329479
Pangu,T2M,All grid cells,72,1.0568233557168194,1.1168756051885589,-0.08227511798083748,1.1101064101497982
Pangu,T2M,All grid cells,120,1.4926731678211391,2.2280731859331944,-0.15854737337590588,2.2029359163287956
Pangu,T2M,All grid cells,168,2.055399940373965,4.224668914889298,-0.2517780955116123,4.161276705509843
Pangu,U10,Low member disagreement,Equal-lead average,1.1133168994114193,1.2588775159619818,0.009479998424882318,1.2585194577265442
Pangu,U10,Low member disagreement,72,0.9396568265096517,0.8829549516061896,0.03189604164460108,0.8819375941335955
Pangu,U10,Low member disagreement,120,1.1196104194228473,1.2535274912802044,0.003314055030579385,1.2535165083194586
Pangu,U10,Low member disagreement,168,1.280683452301759,1.6401501049995517,-0.006770101400533507,1.6401042707265783
Pangu,U10,Middle member disagreement,Equal-lead average,1.745183067149898,3.0958635675024646,0.03988667203729721,3.0940566017396667
Pangu,U10,Middle member disagreement,72,1.4614663512291424,2.135883895775023,0.058450848973308794,2.132467394029322
Pangu,U10,Middle member disagreement,120,1.764860971338138,3.114734248152596,0.038701325870776355,3.11323645552844
Pangu,U10,Middle member disagreement,168,2.0092218788824137,4.036972558579776,0.022507841267806483,4.036465955661239
Pangu,U10,High member disagreement,Equal-lead average,3.884333290924187,15.564329781397111,0.03176368970475934,15.562996075595388
Pangu,U10,High member disagreement,72,3.0413768560267633,9.24997318037524,0.04683794626379839,9.24777938716503
Pangu,U10,High member disagreement,120,3.8797888138230157,15.052761239866204,0.04202363475179352,15.050995253988452
Pangu,U10,High member disagreement,168,4.731834202922783,22.39025492394989,0.006429488098686096,22.39021358563268
Pangu,U10,All grid cells,Equal-lead average,2.4576147322883757,6.596464204469785,0.025774883895795547,6.595600548595165
Pangu,U10,All grid cells,72,1.5574579186161128,2.4256751682600344,0.0425600361013467,2.4238638115870863
Pangu,U10,All grid cells,120,2.431059809128661,5.910051795560681,0.026745045172981687,5.909336498119376
Pangu,U10,All grid cells,168,3.3843264691203534,11.45366564958864,0.008019570413058258,11.45360133607903
Pangu,V10,Low member disagreement,Equal-lead average,1.171583831769164,1.3912667758786796,-0.011622092934262416,1.391091753044969
Pangu,V10,Low member disagreement,72,0.9933723567381981,0.9867886391316019,-0.007887616789116036,0.9867264246329899
Pangu,V10,Low member disagreement,120,1.1961321982948798,1.4307322357977417,-0.020522463328093807,1.4303110642966888
Pangu,V10,Low member disagreement,168,1.3252469402744138,1.7562794527066958,-0.006456198685577403,1.756237770205228
Pangu,V10,Middle member disagreement,Equal-lead average,1.8487512292942085,3.4811919874961093,-0.0009010437831025283,3.4811796268882538
Pangu,V10,Middle member disagreement,72,1.5270209278892497,2.331792914211745,0.002289039065647073,2.331787674511901
Pangu,V10,Middle member disagreement,120,1.8779595177095352,3.5267319501558303,-0.005609061355471302,3.526700488586541
Pangu,V10,Middle member disagreement,168,2.141273242283841,4.585051098120752,0.0006168909405166441,4.58505071756632
Pangu,V10,High member disagreement,Equal-lead average,4.085716683272551,17.228649076972225,0.012659992445623325,17.22837199101608
Pangu,V10,High member disagreement,72,3.1808560194647613,10.117845016565205,0.022853533983983876,10.117322732549647
Pangu,V10,High member disagreement,120,4.103092103905643,16.83536481313284,0.01742651749021811,16.835061129621003
Pangu,V10,High member disagreement,168,4.973201926447249,24.73273740121863,-0.0023000741373320104,24.732732110877592
Pangu,V10,All grid cells,Equal-lead average,2.5361256937984398,7.042353216367118,-0.0027897708643647764,7.042342510435925
Pangu,V10,All grid cells,72,1.5888786229426624,2.524535278444171,-0.000867566449011395,2.5245345257726277
Pangu,V10,All grid cells,120,2.517131971611337,6.335953362507977,-0.005021114079040341,6.335928150921383
Pangu,V10,All grid cells,168,3.5023664868413196,12.266571008149207,-0.002480632065042593,12.266564854613764
Pangu,MSL,Low member disagreement,Equal-lead average,112.85198170887425,13019.961551391729,-0.9376660411054137,12992.085204618721
Pangu,MSL,Low member disagreement,72,90.64535348310793,8216.580108077587,5.321520774899353,8188.261524719902
Pangu,MSL,Low member disagreement,120,116.42290504661776,13554.292819493774,-0.7336984320706186,13553.754506104551
Pangu,MSL,Low member disagreement,168,131.48768659689708,17289.011726603825,-7.4008204661449755,17234.239583031715
Pangu,MSL,Middle member disagreement,Equal-lead average,257.43609315526516,68576.62735005551,20.247873419749965,68125.57649566534
Pangu,MSL,Middle member disagreement,72,195.8173852077565,38344.4483496029,15.286532725043115,38110.77026684908
Pangu,MSL,Middle member disagreement,120,263.60241444890005,69486.23290328967,29.29745071081993,68627.89228513674
Pangu,MSL,Middle member disagreement,168,312.88847980913897,97899.20079727395,16.15963682338685,97638.0669350102
Pangu,MSL,High member disagreement,Equal-lead average,524.0638459962315,299936.5920336751,11.13366174670721,299651.60976580746
Pangu,MSL,High member disagreement,72,334.56339098100534,111932.66258470905,-4.284571559535838,111914.30503126026
Pangu,MSL,High member disagreement,120,513.8964906507476,264089.60310315393,10.890148190138477,263971.00777555077
Pangu,MSL,High member disagreement,168,723.7316563569417,523787.5104131624,26.795408609518987,523069.5164906113
Pangu,MSL,All grid cells,Equal-lead average,305.8285999655031,112863.3193045252,7.842168968682816,112799.57328491857
Pangu,MSL,All grid cells,72,141.57240194356262,20042.744992069656,6.196975174940309,20004.34249075083
Pangu,MSL,All grid cells,120,294.3447009205029,86638.80295998028,7.507350103769751,86582.44265439971
Pangu,MSL,All grid cells,168,481.56869703244377,231908.4099615256,9.82218162733839,231811.93470960518
Pangu,Z500,Low member disagreement,Equal-lead average,105.20634693702748,11425.48112139866,-26.719108434252878,10571.422834807103
Pangu,Z500,Low member disagreement,72,81.09443097969591,6576.306735920663,-12.33397961311362,6424.179682823961
Pangu,Z500,Low member disagreement,120,107.28131498499803,11509.280544910363,-26.493967795097625,10807.350215382694
Pangu,Z500,Low member disagreement,168,127.24329484638848,16190.856083364954,-41.32937789454739,14482.73860621465
Pangu,Z500,Middle member disagreement,Equal-lead average,236.33880853387492,58003.973205611655,-24.07564721580249,57221.99553945712
Pangu,Z500,Middle member disagreement,72,174.97863755350195,30617.523600079807,-11.610096271911521,30482.729264636753
Pangu,Z500,Middle member disagreement,120,247.06624401097628,61041.728929691264,-16.634767518369046,60765.01343930108
Pangu,Z500,Middle member disagreement,168,286.9715440371465,82352.66708706389,-43.9820778571269,80418.24391443352
Pangu,Z500,High member disagreement,Equal-lead average,485.2490727065686,265851.14263258287,-34.85093117015678,264617.48741618224
Pangu,Z500,High member disagreement,72,281.1088598185105,79022.19106846297,-29.65539927420148,78142.74836235066
Pangu,Z500,High member disagreement,120,467.6454551485808,218692.2717211233,-34.55792633873078,217498.02144829018
Pangu,Z500,High member disagreement,168,706.9929031526146,499838.9651081624,-40.33946789753808,498211.6924379059
Pangu,Z500,All grid cells,Equal-lead average,300.37401487066006,111682.99818355689,-27.495867520953094,110801.8934857821
Pangu,Z500,All grid cells,72,130.0108960308945,16902.833086756058,-13.841993539291536,16711.23230161427
Pangu,Z500,All grid cells,120,283.47727167217533,80359.3635547003,-27.408923941716775,79608.1144430575
Pangu,Z500,All grid cells,168,487.63387690891034,237786.7979092143,-41.236685081850965,236086.33371267456
Pangu,T850,Low member disagreement,Equal-lead average,0.8111664694925301,0.6646772436875744,-0.09701166304231852,0.6543741876626791
Pangu,T850,Low member disagreement,72,0.7044393508070065,0.49623479896539674,-0.05641773915188244,0.4930518376743869
Pangu,T850,Low member disagreement,120,0.8259775283883339,0.682238877402501,-0.1072195271402682,0.6707428504023183
Pangu,T850,Low member disagreement,168,0.9030825292822499,0.8155580546948257,-0.1273977228348049,0.799327874911332
Pangu,T850,Middle member disagreement,Equal-lead average,1.3746471856020266,1.9297151522152227,-0.17951136937513235,1.8963621087678184
Pangu,T850,Middle member disagreement,72,1.130372444387543,1.277741863030669,-0.13235763033356301,1.2602233207231528
Pangu,T850,Middle member disagreement,120,1.3729387282580465,1.884960751550822,-0.19804232574729258,1.8457399887634252
Pangu,T850,Middle member disagreement,168,1.62063038416049,2.626442842064178,-0.20813415204454147,2.5831230168168777
Pangu,T850,High member disagreement,Equal-lead average,2.671310645654715,7.508412442099295,-0.2920695666844109,7.414516747882897
Pangu,T850,High member disagreement,72,1.9340748880521714,3.74064567259402,-0.18806509374527963,3.705277193108599
Pangu,T850,High member disagreement,120,2.65117359773379,7.028721445320729,-0.2749784181141898,6.953108314892146
Pangu,T850,High member disagreement,168,3.4286834511781827,11.755870208383133,-0.4131651881937634,11.585164735647945
Pangu,T850,All grid cells,Equal-lead average,1.7954843959051312,3.5525324081846357,-0.19221896644346656,3.5102701486975185
Pangu,T850,All grid cells,72,1.1213706292201284,1.2574720880775465,-0.10371156793332746,1.2467159987543572
Pangu,T850,All grid cells,120,1.7422461850649742,3.0354217693734564,-0.19069032252445314,2.9990589702689765
Pangu,T850,All grid cells,168,2.522836373430291,6.364703367102903,-0.28225500887261906,6.285035477069221
GraphCast,T2M,Low member disagreement,Equal-lead average,0.58668706389749,0.3507475824372583,-0.10460034579600308,0.3390261886859354
GraphCast,T2M,Low member disagreement,72,0.48559496262669105,0.23580246772841745,-0.06893498165588038,0.2310504360325209
GraphCast,T2M,Low member disagreement,120,0.5908208582378974,0.3490692865289657,-0.10772831887256477,0.3374638958418567
GraphCast,T2M,Low member disagreement,168,0.6836453708278816,0.4673709930543917,-0.13713773685956412,0.44856423418342867
GraphCast,T2M,Middle member disagreement,Equal-lead average,0.9483327887323106,0.9042969048951708,-0.1561263352777719,0.8791614008502854
GraphCast,T2M,Middle member disagreement,72,0.8710625118813821,0.7587498996051029,-0.1210929612183248,0.7440863943484801
GraphCast,T2M,Middle member disagreement,120,0.9325187003304802,0.8695911264660481,-0.15882397230638154,0.8443660722868699
GraphCast,T2M,Middle member disagreement,168,1.0414171539850694,1.0845496886143615,-0.18846207230860934,1.0490317359155061
GraphCast,T2M,High member disagreement,Equal-lead average,2.314440972735301,5.612296387297245,-0.3064420197979962,5.513127506688981
GraphCast,T2M,High member disagreement,72,1.7109113977429402,2.9272178109267015,-0.2155337353234724,2.880763019864213
GraphCast,T2M,High member disagreement,120,2.2840866616928213,5.217051878123056,-0.3107255836326456,5.120501489799207
GraphCast,T2M,High member disagreement,168,2.948324858770142,8.692619472841978,-0.39306674043787043,8.538118010403526
GraphCast,T2M,All grid cells,Equal-lead average,1.4344472838353532,2.213954310854429,-0.18407192319823115,2.1769538650874165
GraphCast,T2M,All grid cells,72,0.9748190935366687,0.9502722651236525,-0.11532897682666253,0.9369714922277677
GraphCast,T2M,All grid cells,120,1.3885270935942562,1.9280074896453123,-0.18478682527535298,1.8938613188499684
GraphCast,T2M,All grid cells,168,1.9399956643751353,3.7635831777943225,-0.25209996749267793,3.7000287841845134
GraphCast,U10,Low member disagreement,Equal-lead average,1.1006956788579083,1.2312156650498862,0.04819162866236056,1.2288901843892208
GraphCast,U10,Low member disagreement,72,0.9249606597831261,0.855552222146436,0.046883315039940296,0.8533541769173018
GraphCast,U10,Low member disagreement,120,1.1087826538444996,1.2293989734664514,0.04703260652465446,1.2271869073899484
GraphCast,U10,Low member disagreement,168,1.2683437229460992,1.6086957995367712,0.050658964422486914,1.6061294688604124
GraphCast,U10,Middle member disagreement,Equal-lead average,1.6889791465381159,2.904583835758871,0.06575438766213158,2.900134680818198
GraphCast,U10,Middle member disagreement,72,1.4025879780079027,1.9672530360522968,0.05644484043030348,1.9640670160410945
GraphCast,U10,Middle member disagreement,120,1.704170858134077,2.9041983137134366,0.05930635021363312,2.9006810705377744
GraphCast,U10,Middle member disagreement,168,1.9601786034723676,3.842300157510881,0.08151197234245813,3.8356559558757235
GraphCast,U10,High member disagreement,Equal-lead average,3.518052429446725,12.704761693283663,0.07322127230888531,12.697277732304352
GraphCast,U10,High member disagreement,72,2.8248550024966375,7.979805785130277,0.12370406176096355,7.964503090234117
GraphCast,U10,High member disagreement,120,3.501730778552645,12.262118445462912,0.08365235111667317,12.255120729615564
GraphCast,U10,High member disagreement,168,4.227571507290894,17.8723608492578,0.012307404049019185,17.872209377063374
GraphCast,U10,All grid cells,Equal-lead average,2.261679177917715,5.536669341739528,0.05523794638317151,5.533547516389503
GraphCast,U10,All grid cells,72,1.4777428819856337,2.1837240252592065,0.06041596403564373,2.18007393654885
GraphCast,U10,All grid cells,120,2.2397658575746706,5.016551096757199,0.06191085118132593,5.012718143263203
GraphCast,U10,All grid cells,168,3.06752879419284,9.40973290320218,0.043387023932544885,9.407850469356456
GraphCast,V10,Low member disagreement,Equal-lead average,1.1539756488610786,1.3510507169530424,-0.04330715143089416,1.3489883425600768
GraphCast,V10,Low member disagreement,72,0.97228337620307,0.9453349636408406,-0.02411578251153303,0.944753392674697
GraphCast,V10,Low member disagreement,120,1.1790394416219272,1.3901340049001458,-0.05088638824403197,1.3875445803916235
GraphCast,V10,Low member disagreement,168,1.3106041287582382,1.7176831823181407,-0.05491928353711746,1.7146670546139104
GraphCast,V10,Middle member disagreement,Equal-lead average,1.7751253272597187,3.2142838257912594,-0.026719430244533257,3.2135088584640648
GraphCast,V10,Middle member disagreement,72,1.4567731771200296,2.122188089576385,-0.024182816541706478,2.121603280960495
GraphCast,V10,Middle member disagreement,120,1.797152655180411,3.229757666022001,-0.01867466804782949,3.2294089227953044
GraphCast,V10,Middle member disagreement,168,2.071450149478715,4.290905721775392,-0.03730080614406381,4.289514371636395
GraphCast,V10,High member disagreement,Equal-lead average,3.728699864845346,14.312439287408322,-0.03608676727366809,14.31096388612236
GraphCast,V10,High member disagreement,72,2.951962744284367,8.714084043642892,-0.04961909169448221,8.711621989382307
GraphCast,V10,High member disagreement,120,3.7153664309524115,13.803947716248059,-0.040383015170024614,13.802316928333836
GraphCast,V10,High member disagreement,168,4.51877041929926,20.419286102334013,-0.018258194956497432,20.418952740650944
GraphCast,V10,All grid cells,Equal-lead average,2.3486763229640584,6.006046653328455,-0.032655062261230904,6.004964202058031
GraphCast,V10,All grid cells,72,1.5047481880558695,2.2642671094574225,-0.02720691432553131,2.263526893270306
GraphCast,V10,All grid cells,120,2.3228812450648517,5.395777278674035,-0.03675228289369053,5.394426548376137
GraphCast,V10,All grid cells,168,3.2183995357714537,10.358095571853909,-0.03400598956447087,10.356939164527649
GraphCast,MSL,Low member disagreement,Equal-lead average,111.23722149011924,12664.007672685702,-3.8627367236617367,12636.171019095991
GraphCast,MSL,Low member disagreement,72,89.62913772173933,8033.382328742516,-0.29825756401076614,8033.293371168026
GraphCast,MSL,Low member disagreement,120,112.80815021244469,12725.678754353483,-2.5073427795731003,12719.391986539205
GraphCast,MSL,Low member disagreement,168,131.2743765361737,17232.96193496111,-8.782609827401343,17155.827699580743
GraphCast,MSL,Middle member disagreement,Equal-lead average,248.65342451639444,64002.37974616016,-4.530514823346745,63936.49361013033
GraphCast,MSL,Middle member disagreement,72,189.21022306571854,35800.50851257896,-13.803658724351967,35609.96751840058
GraphCast,MSL,Middle member disagreement,120,253.6634756218553,64345.158864559584,1.9895270210859328,64341.20064679196
GraphCast,MSL,Middle member disagreement,168,303.0865748616094,91861.47186134195,-1.7774127667742003,91858.31266519846
GraphCast,MSL,High member disagreement,Equal-lead average,483.8703784429211,254616.1028234771,-25.906069957497806,253936.48906659862
GraphCast,MSL,High member disagreement,72,313.1285821599712,98049.50896551383,-28.923991478177367,97212.91168248415
GraphCast,MSL,High member disagreement,120,475.0936861477535,225714.0106174601,-26.826729872237046,224994.3371818221
GraphCast,MSL,High member disagreement,168,663.3888670210387,440084.78888745734,-21.967488522079005,439602.2183354897
GraphCast,MSL,All grid cells,Equal-lead average,285.1758396773775,97212.89684577372,-8.402432686834413,97129.72289812124
GraphCast,MSL,All grid cells,72,136.1893650376923,18547.54314936981,-4.364185921000083,18528.497030616752
GraphCast,MSL,All grid cells,120,274.91219676945667,75576.71593260845,-7.8468655665685105,75515.14263338865
GraphCast,MSL,All grid cells,168,444.4259572249835,197514.43145534286,-12.996246572934645,197345.52903035833
GraphCast,Z500,Low member disagreement,Equal-lead average,105.37688303244097,11450.505524394672,-33.54642463897486,10164.78597099407
GraphCast,Z500,Low member disagreement,72,82.55111291920532,6814.686244199387,-19.123495706206587,6448.978156174086
GraphCast,Z500,Low member disagreement,120,105.45110704834616,11119.935977721761,-31.564426114542567,10123.622981781346
GraphCast,Z500,Low member disagreement,168,128.12842912977146,16416.89435126287,-49.951352096175434,13921.756775026779
GraphCast,Z500,Middle member disagreement,Equal-lead average,232.80084868485633,56151.877061985375,-35.547494625172114,54712.980436904814
GraphCast,Z500,Middle member disagreement,72,175.56629781370268,30823.52492800974,-25.58001625116714,30169.187696599765
GraphCast,Z500,Middle member disagreement,120,239.58655270821026,57401.716238604015,-26.80551315427501,56683.18070314
GraphCast,Z500,Middle member disagreement,168,283.2496955326561,80230.39001934238,-54.256954470074184,77286.57291097468
GraphCast,Z500,High member disagreement,Equal-lead average,443.7545744951767,221126.8673820696,-50.79570035933178,218465.69354446873
GraphCast,Z500,High member disagreement,72,260.8973376686404,68067.42080258454,-41.126994691369376,66375.99111024062
GraphCast,Z500,High member disagreement,120,429.1853594393852,184200.07275711428,-48.46464378850188,181851.2510595679
GraphCast,Z500,High member disagreement,168,641.1810263775045,411113.10858651006,-62.795462598124075,407169.83846359764
GraphCast,Z500,All grid cells,Equal-lead average,278.60171386358246,94663.9382585096,-38.05453171370497,93020.36378587833
GraphCast,Z500,All grid cells,72,126.85607579069868,16092.463965015488,-22.134378267483456,15602.533263727444
GraphCast,Z500,All grid cells,120,263.3840233473481,69371.14375463642,-35.86314702924403,68084.97843979525
GraphCast,Z500,All grid cells,168,445.5650424527006,198528.2070558769,-56.16606984438742,195373.5796541123
GraphCast,T850,Low member disagreement,Equal-lead average,0.7967610907264603,0.6415959118748961,-0.0001770726618238553,0.6412671526171699
GraphCast,T850,Low member disagreement,72,0.6906774091386904,0.4770352834945339,0.021359621966516605,0.4765790500439814
GraphCast,T850,Low member disagreement,120,0.8084362342324978,0.653569144820022,0.0011053037724796932,0.6535679231235926
GraphCast,T850,Low member disagreement,168,0.8911696288081928,0.7941833073101322,-0.022996143724467864,0.7936544846839358
GraphCast,T850,Middle member disagreement,Equal-lead average,1.3208151293591879,1.7889981038775193,-0.03877099387872785,1.787097152307832
GraphCast,T850,Middle member disagreement,72,1.0632983603535413,1.1306034031305294,-0.012335868134976287,1.130451229487886
GraphCast,T850,Middle member disagreement,120,1.3194501794413318,1.7409487760277629,-0.04347207272261984,1.739058954920962
GraphCast,T850,Middle member disagreement,168,1.5796968482826905,2.495442132474266,-0.06050504077858744,2.4917812725146473
GraphCast,T850,High member disagreement,Equal-lead average,2.4122042479872214,6.14909288093983,-0.017692735713544506,6.141608411192261
GraphCast,T850,High member disagreement,72,1.7260811759514878,2.979356225974071,0.06912093865545806,2.9745785218134597
GraphCast,T850,High member disagreement,120,2.377811590872281,5.653987961686567,0.010347573530088592,5.653880889408606
GraphCast,T850,High member disagreement,168,3.132719977137895,9.813934455158853,-0.13254671932618017,9.79636582235472
GraphCast,T850,All grid cells,Equal-lead average,1.6568274860715466,3.0239734970434147,-0.026888268157836025,3.0214718602198225
GraphCast,T850,All grid cells,72,1.0406746327062395,1.0830036911582663,0.015800280046280913,1.0827540423087254
GraphCast,T850,All grid cells,120,1.5993755094402808,2.558002020197358,-0.012159662172978963,2.557854162813197
GraphCast,T850,All grid cells,168,2.3304323160681193,5.43091477977462,-0.08430542234681002,5.423807375537545
FuXi,T2M,Low member disagreement,Equal-lead average,0.5834582355948581,0.34455491359288404,0.010598745170476702,0.3443267581019582
FuXi,T2M,Low member disagreement,72,0.49963004153763474,0.24963017840689863,0.023561066281962646,0.2490750545625556
FuXi,T2M,Low member disagreement,120,0.5949301452027695,0.3539418776709885,0.011025320217511677,0.35382031998508984
FuXi,T2M,Low member disagreement,168,0.65581452004417,0.43009268470076506,-0.002790150988044217,0.430084899758229
FuXi,T2M,Middle member disagreement,Equal-lead average,0.968551758874809,0.9393969324942266,0.06897530452022771,0.9343158968302658
FuXi,T2M,Middle member disagreement,72,0.9228356938415666,0.8516257178280457,0.08911392799822354,0.8436844256647732
FuXi,T2M,Middle member disagreement,120,0.9716825168579923,0.9441669135674826,0.07235929827700498,0.938931045520342
FuXi,T2M,Middle member disagreement,168,1.0111370659248684,1.0223981660871515,0.04545268728545461,1.020332219305682
FuXi,T2M,High member disagreement,Equal-lead average,2.382102938530639,5.767570146392175,0.23363364627970243,5.709469011724021
FuXi,T2M,High member disagreement,72,1.9763633834500614,3.9060122234421746,0.31737966342924134,3.805282372683716
FuXi,T2M,High member disagreement,120,2.4574377599370645,6.039000343964498,0.18793513773766557,6.003680727968023
FuXi,T2M,High member disagreement,168,2.712507672204791,7.357697871769854,0.19558613767220043,7.319443934520325
FuXi,T2M,All grid cells,Equal-lead average,1.4559013645335694,2.203812426037962,0.09280399752522454,2.195130390570917
FuXi,T2M,All grid cells,72,1.089040129500086,1.1860084036615641,0.10423210315825338,1.1751440723327713
FuXi,T2M,All grid cells,120,1.4802562458327508,2.1911585533268694,0.08459413485932402,2.184002385674272
FuXi,T2M,All grid cells,168,1.7984077182678715,3.234270321125452,0.08958575455809625,3.2262447137057086
FuXi,U10,Low member disagreement,Equal-lead average,1.0890516997957504,1.2034129330243035,0.0062974736359025715,1.203228970675385
FuXi,U10,Low member disagreement,72,0.921406364475763,0.8489896884964426,0.01822486840251458,0.8486575426681536
FuXi,U10,Low member disagreement,120,1.1022324998875532,1.2149164838083653,-0.010142826376437122,1.2148136068814628
FuXi,U10,Low member disagreement,168,1.243516235023935,1.5463326267681023,0.010810378881630257,1.546215762476538
FuXi,U10,Middle member disagreement,Equal-lead average,1.666693054399251,2.8167068294968964,0.03424638958543551,2.815441057196432
FuXi,U10,Middle member disagreement,72,1.4062271368112298,1.977474760304309,0.04115181385559942,1.9757812885207031
FuXi,U10,Middle member disagreement,120,1.7110204417641608,2.927590952134824,0.02061173323631274,2.927166108587819
FuXi,U10,Middle member disagreement,168,1.8828315846223627,3.5450547760515576,0.04097562166439436,3.543375774480774
FuXi,U10,High member disagreement,Equal-lead average,3.4337242897561846,11.945825638182411,0.00543550741686497,11.944269479535697
FuXi,U10,High member disagreement,72,2.878087066198958,8.283385160621727,0.052874867703949564,8.280589408987016
FuXi,U10,High member disagreement,120,3.6728755117934773,13.490014525132198,0.006252558522969342,13.489975430644115
FuXi,U10,High member disagreement,168,3.7502102912761184,14.064077228793309,-0.042820903976323994,14.062243598975959
FuXi,U10,All grid cells,Equal-lead average,2.191259332402544,5.079375865700687,0.010742372052087626,5.079055389780854
FuXi,U10,All grid cells,72,1.4915427268753405,2.2246997060947264,0.030382878558545243,2.223776586785223
FuXi,U10,All grid cells,120,2.318777558366477,5.3767293651840005,0.005200427099732301,5.37670232074198
FuXi,U10,All grid cells,168,2.763457711965814,7.636698525823333,-0.003356189502014672,7.63668726181536
FuXi,V10,Low member disagreement,Equal-lead average,1.1436857260721027,1.324678802779747,-0.004366312421830343,1.3245777570409258
FuXi,V10,Low member disagreement,72,0.9724098648097458,0.945580945179308,-0.005841197478150305,0.9455468255913293
FuXi,V10,Low member disagreement,120,1.1746329020034274,1.3797624544689937,-0.014644318932959512,1.3795479983919834
FuXi,V10,Low member disagreement,168,1.2840144114031349,1.648693008690939,0.007386579145618787,1.6486384471394646
FuXi,V10,Middle member disagreement,Equal-lead average,1.7665612925245657,3.1708693406000656,-0.0035773016563924154,3.170791233646227
FuXi,V10,Middle member disagreement,72,1.4705839612202105,2.1626171869981254,-0.012224765923931775,2.1624677420962306
FuXi,V10,Middle member disagreement,120,1.8171134401433722,3.3019012543496804,-0.005725108856681982,3.3018684774782594
FuXi,V10,Middle member disagreement,168,2.011986476210114,4.04808958045239,0.007217969811436514,4.048037481364191
FuXi,V10,High member disagreement,Equal-lead average,3.680751978534586,13.720551687087896,0.014050850938699538,13.719934536067825
FuXi,V10,High member disagreement,72,3.1048269152879073,9.63995017389622,0.018435811340928816,9.639610294756423
FuXi,V10,High member disagreement,120,3.8679296871652387,14.96088006485418,-0.012944169528669523,14.960712513329394
FuXi,V10,High member disagreement,168,4.069499333150613,16.560824822513286,0.03666091100383932,16.559480800117655
FuXi,V10,All grid cells,Equal-lead average,2.2934148673166077,5.58919329044049,0.0011749591167659196,5.589016333892558
FuXi,V10,All grid cells,72,1.5456455244834533,2.3890200873557292,-0.005002343984537941,2.3889950639103894
FuXi,V10,All grid cells,120,2.393816335123514,5.730356646304172,-0.011057770579204157,5.73023437201399
FuXi,V10,All grid cells,168,2.940782742342856,8.648203137661568,0.019584991914039857,8.647819565753295
FuXi,MSL,Low member disagreement,Equal-lead average,113.13844635749922,13029.660987904848,5.852441654086143,12989.546011311215
FuXi,MSL,Low member disagreement,72,92.5223183975549,8560.379401658525,9.226318581714017,8475.254447087244
FuXi,MSL,Low member disagreement,120,118.4204913832108,14023.412779441103,4.674001741542544,14001.56648716116
FuXi,MSL,Low member disagreement,168,128.47252929173195,16505.19078261492,3.65700463900187,16491.817099685242
FuXi,MSL,Middle member disagreement,Equal-lead average,249.51122278486625,64238.11340211625,13.083370217522672,64044.73084832132
FuXi,MSL,Middle member disagreement,72,190.97418623416982,36471.13980780338,10.61431463711388,36358.47613258773
FuXi,MSL,Middle member disagreement,120,258.69352255915123,66922.3386140621,19.678848457496645,66535.08153744898
FuXi,MSL,Middle member disagreement,168,298.8659595612777,89320.86178448326,8.956947557957493,89240.63487492726
FuXi,MSL,High member disagreement,Equal-lead average,472.7309891957282,237327.74533254266,19.27252419584353,236914.98740948868
FuXi,MSL,High member disagreement,72,321.13996349870894,103130.87615595212,10.210473179811286,103026.62239339648
FuXi,MSL,High member disagreement,120,488.9878047461731,239109.0731904815,24.436814892348288,238511.9152683986
FuXi,MSL,High member disagreement,168,608.0651993423027,369743.28665119427,23.170284515371012,369206.424566671
FuXi,MSL,All grid cells,Equal-lead average,277.7174256540573,89416.88835247765,11.358972814928746,89286.15004487433
FuXi,MSL,All grid cells,72,139.32564539571334,19411.63546493206,9.508818988944967,19321.21782636754
FuXi,MSL,All grid cells,120,283.1115436406323,80152.14614258165,12.311697597638446,80000.56824484596
FuXi,MSL,All grid cells,168,410.7150879258263,168686.88344991923,12.256401858202825,168536.66406340947
FuXi,Z500,Low member disagreement,Equal-lead average,101.41487914537085,10552.381822157642,-22.103279272993216,10024.794121443067
FuXi,Z500,Low member disagreement,72,80.07622554219957,6412.201897085214,-13.267813991467793,6236.167008973026
FuXi,Z500,Low member disagreement,120,104.36393639634507,10891.831220140359,-26.51517357627711,10188.776790360254
FuXi,Z500,Low member disagreement,168,119.80447549756792,14353.112349247353,-26.526850251234748,13649.438564995919
FuXi,Z500,Middle member disagreement,Equal-lead average,229.4991982969997,54443.975830273965,-21.74776317615607,53962.263113282446
FuXi,Z500,Middle member disagreement,72,173.63238021633293,30148.203459589204,-19.167768568269107,29780.80010770248
FuXi,Z500,Middle member disagreement,120,239.53526968284336,57377.1454220325,-20.186621829406914,56969.64572114901
FuXi,Z500,Middle member disagreement,168,275.32994499182286,75806.5786092002,-25.888899130792183,75136.34351099587
FuXi,Z500,High member disagreement,Equal-lead average,436.033247094965,209023.04213622297,-18.653726807953166,208194.63909650967
FuXi,Z500,High member disagreement,72,264.6976426093868,70064.84200296666,-33.29261534152074,68956.4437666882
FuXi,Z500,High member disagreement,120,442.1387635313657,195486.68621704492,-34.997322935582815,194261.87360438745
FuXi,Z500,High member disagreement,168,601.2633351441425,361517.5981886574,12.32875785324404,361365.59991845343
FuXi,Z500,All grid cells,Equal-lead average,271.33554810142397,87894.5984012594,-17.80793199261976,87517.24846874445
FuXi,Z500,All grid cells,72,125.98927273231378,15873.296843617343,-16.01150896686858,15616.92842422123
FuXi,Z500,All grid cells,120,269.4213324083192,72587.85435667401,-28.08275719201228,71799.2131051685
FuXi,Z500,All grid cells,168,418.59603916363903,175222.6440034868,-9.329529818978422,175135.6038768436
FuXi,T850,Low member disagreement,Equal-lead average,0.8000467317810438,0.6460575425502003,-0.013211940368417335,0.6457430643826486
FuXi,T850,Low member disagreement,72,0.6984160735170074,0.4877850117469139,0.0023135348005653904,0.4877796593036405
FuXi,T850,Low member disagreement,120,0.8158254907238959,0.6655712313148855,-0.0263694823481302,0.6648758817155771
FuXi,T850,Low member disagreement,168,0.8858986311022281,0.7848163845888017,-0.01557987355768719,0.7845736521287281
FuXi,T850,Middle member disagreement,Equal-lead average,1.3403390303992433,1.828256946634622,-0.0015642230914713208,1.8269176751257676
FuXi,T850,Middle member disagreement,72,1.1192320247737986,1.252680325279257,0.04457948370709273,1.250692994911666
FuXi,T850,Middle member disagreement,120,1.3462210739593623,1.8123111799722986,-0.04484265498953992,1.8103003162657878
FuXi,T850,Middle member disagreement,168,1.555563992464569,2.41977933465231,-0.004429497991966772,2.419759714199849
FuXi,T850,High member disagreement,Equal-lead average,2.424589343925225,6.040798743135697,0.02686457513504865,6.035242065092713
FuXi,T850,High member disagreement,72,1.8879891461932106,3.5645030161433686,0.09918862876975736,3.5546646320661437
FuXi,T850,High member disagreement,120,2.5276833426151493,6.389183080534094,-0.06699825252665696,6.384694314692468
FuXi,T850,High member disagreement,168,2.8580955429673147,8.168710132729629,0.04840334916204556,8.166367248519526
FuXi,T850,All grid cells,Equal-lead average,1.6457185319405017,2.8936919479024756,0.0012630324261993196,2.892567936687857
FuXi,T850,All grid cells,72,1.1038557762591383,1.218497574780665,0.032065196601138546,1.2174693979475952
FuXi,T850,All grid cells,120,1.6763537221311,2.810161801702793,-0.04531566915296467,2.808108291832012
FuXi,T850,All grid cells,168,2.156946097431266,4.652416467223969,0.017039569830424085,4.652126120283963
HRES corrected exact lead,T2M,Low member disagreement,Equal-lead average,0.5951944625066791,0.3585865039179737,-0.029015213202535,0.35753334332012104
HRES corrected exact lead,T2M,Low member disagreement,72,0.5135081656745539,0.2636906362144451,-0.010768369987953537,0.26357467842224763
HRES corrected exact lead,T2M,Low member disagreement,120,0.5974293830246764,0.35692186770124557,-0.029940675580662733,0.35602542364701906
HRES corrected exact lead,T2M,Low member disagreement,168,0.6746458388208071,0.4551470078382305,-0.046336594038988724,0.45299992789109644
HRES corrected exact lead,T2M,Middle member disagreement,Equal-lead average,1.0525906642736294,1.1089593218126577,-0.047056483823454925,1.10663740855992
HRES corrected exact lead,T2M,Middle member disagreement,72,1.0251837549033134,1.051001731317657,-0.059965820741926065,1.0474058316604042
HRES corrected exact lead,T2M,Middle member disagreement,120,1.0353915473172357,1.0720356562559794,-0.04663610402236824,1.0698607300575942
HRES corrected exact lead,T2M,Middle member disagreement,168,1.0971966906003392,1.2038405778643364,-0.034567526706070474,1.2026456639617615
HRES corrected exact lead,T2M,High member disagreement,Equal-lead average,3.063641502871129,9.484444489269364,-0.12999886386570544,9.467390812148926
HRES corrected exact lead,T2M,High member disagreement,72,2.719255817631187,7.394352201721057,-0.12693853253254136,7.378238810679542
HRES corrected exact lead,T2M,High member disagreement,120,2.993209693850535,8.959304271360814,-0.11656458666938571,8.94571696849541
HRES corrected exact lead,T2M,High member disagreement,168,3.478458997131664,12.099676994726224,-0.1464934723951892,12.078216657271824
HRES corrected exact lead,T2M,All grid cells,Equal-lead average,1.8023323361582648,3.36999922859732,-0.06330665191946278,3.365848255806425
HRES corrected exact lead,T2M,All grid cells,72,1.4027363255275225,1.9676691989544552,-0.05001707384974582,1.9651674912779644
HRES corrected exact lead,T2M,All grid cells,120,1.7518538160674095,3.068991792869945,-0.06087392716967901,3.0652861578608857
HRES corrected exact lead,T2M,All grid cells,168,2.2524068668798627,5.07333669396756,-0.0790289547389635,5.067091118280427
HRES corrected exact lead,U10,Low member disagreement,Equal-lead average,1.15450796601114,1.3502634958432118,-0.03202642505102033,1.3491635061413811
HRES corrected exact lead,U10,Low member disagreement,72,0.9892926958292162,0.9787000380210381,-0.01994243256004642,0.9783023374046261
HRES corrected exact lead,U10,Low member disagreement,120,1.1623478656536843,1.3510525607896755,-0.03945750175918362,1.3494956663445996
HRES corrected exact lead,U10,Low member disagreement,168,1.3118833365505187,1.7210378887189217,-0.03667934083383097,1.7196925146749173
HRES corrected exact lead,U10,Middle member disagreement,Equal-lead average,1.9190125946607317,3.712465888948065,-0.09326820421770005,3.7030158584174893
HRES corrected exact lead,U10,Middle member disagreement,72,1.7000746507425908,2.8902538180975417,-0.06182720477327328,2.8864312148474656
HRES corrected exact lead,U10,Middle member disagreement,120,1.9344897677382107,3.7422506614838364,-0.08936202351956533,3.7342650902363252
HRES corrected exact lead,U10,Middle member disagreement,168,2.1224733655013943,4.504893187262816,-0.12861538436026151,4.488351270168678
HRES corrected exact lead,U10,High member disagreement,Equal-lead average,4.433536253128885,20.007971025081257,-0.0714968986171458,20.002806278066725
HRES corrected exact lead,U10,High member disagreement,72,3.708511163315281,13.753055048434058,-0.07649586589147506,13.747203430935572
HRES corrected exact lead,U10,High member disagreement,120,4.430884533265296,19.632737747129614,-0.06120841641563496,19.628991276889504
HRES corrected exact lead,U10,High member disagreement,168,5.161213062806078,26.638120279680095,-0.07678641354432737,26.632224126375096
HRES corrected exact lead,U10,All grid cells,Equal-lead average,2.744810454049164,8.101459942068361,-0.062237968759749906,8.097301904324157
HRES corrected exact lead,U10,All grid cells,72,1.8258172461927589,3.3336086164949097,-0.04123811012472405,3.331908034768251
HRES corrected exact lead,U10,All grid cells,120,2.7376145649463313,7.494533506206292,-0.06294177964797365,7.490571838581038
HRES corrected exact lead,U10,All grid cells,168,3.6709995510084017,13.476237703503886,-0.082534016506552,13.469425839623181
HRES corrected exact lead,V10,Low member disagreement,Equal-lead average,1.2077221795573283,1.4752299274316345,-0.01762182557892131,1.4748761884532489
HRES corrected exact lead,V10,Low member disagreement,72,1.039585630787027,1.080738283738861,-0.009250959855233087,1.080652703480618
HRES corrected exact lead,V10,Low member disagreement,120,1.2305273134654722,1.5141974691845523,-0.02530894628443091,1.5135569264225242
HRES corrected exact lead,V10,Low member disagreement,168,1.3530535944194857,1.8307540293714901,-0.018305570597099943,1.8304189354566047
HRES corrected exact lead,V10,Middle member disagreement,Equal-lead average,2.0220554338079553,4.126511833544268,-0.007036654636713672,4.126441891709553
HRES corrected exact lead,V10,Middle member disagreement,72,1.7749338104003503,3.1503900313023063,-0.002322236073054233,3.150384638521927
HRES corrected exact lead,V10,Middle member disagreement,120,2.0411956457180502,4.166479664098328,-0.005655992523709386,4.1664476738469
HRES corrected exact lead,V10,Middle member disagreement,168,2.2500368453054658,5.062665805232172,-0.013131735313377399,5.062493362759831
HRES corrected exact lead,V10,High member disagreement,Equal-lead average,4.672000621185529,22.161983891693,0.03935813732154048,22.158501314077302
HRES corrected exact lead,V10,High member disagreement,72,3.959322305144818,15.676233116017277,0.09999711596212107,15.666233692816535
HRES corrected exact lead,V10,High member disagreement,120,4.680980679157266,21.911580118643624,-0.0028969150556969873,21.911571726526784
HRES corrected exact lead,V10,High member disagreement,168,5.375698879254502,28.898138440418105,0.020974211058197374,28.89769852288859
HRES corrected exact lead,V10,All grid cells,Equal-lead average,2.8207750095046933,8.553089921437078,-0.002141987214818725,8.553026402302267
HRES corrected exact lead,V10,All grid cells,72,1.8741808321988858,3.5125537917817082,0.006157472212436203,3.5125158773176612
HRES corrected exact lead,V10,All grid cells,120,2.822429226479919,7.966106738488033,-0.01235272082910012,7.965954148776151
HRES corrected exact lead,V10,All grid cells,168,3.7657149698352756,14.180609234041492,-0.00023071302779225885,14.180609180812992
HRES corrected exact lead,MSL,Low member disagreement,Equal-lead average,115.87045083322404,13729.648303966145,-15.053859164992922,13466.91220547672
HRES corrected exact lead,MSL,Low member disagreement,72,92.83491929905124,8618.322241261356,-6.7340302335741296,8572.975078074665
HRES corrected exact lead,MSL,Low member disagreement,120,119.80180725787919,14352.473022254035,-17.709955487134984,14038.830498897732
HRES corrected exact lead,MSL,Low member disagreement,168,134.9746259427417,18218.149648383045,-20.71759177426965,17788.93103945776
HRES corrected exact lead,MSL,Middle member disagreement,Equal-lead average,261.37799883014355,70585.88688661571,3.596508995858642,70443.4267273844
HRES corrected exact lead,MSL,Middle member disagreement,72,200.46390068918095,40185.7754795218,18.523949350639025,39842.63877997676
HRES corrected exact lead,MSL,Middle member disagreement,120,266.97046652464593,71273.2299963871,1.3449444907297905,71271.42112070396
HRES corrected exact lead,MSL,Middle member disagreement,168,316.69962927660373,100298.65518393823,-9.07936685379289,100216.22028147247
HRES corrected exact lead,MSL,High member disagreement,Equal-lead average,562.4079786335503,344039.7954292686,40.3259338976396,342382.6447888032
HRES corrected exact lead,MSL,High member disagreement,72,363.2772119029277,131970.33268796466,44.23846161865339,130013.29120157959
HRES corrected exact lead,MSL,High member disagreement,120,553.0431329352788,305856.70688686846,44.28352146806854,303895.6766132556
HRES corrected exact lead,MSL,High member disagreement,168,770.9035910624445,594292.3467129727,32.45581860619687,593238.9665515744
HRES corrected exact lead,MSL,All grid cells,Equal-lead average,324.0416756102741,126947.04132624803,1.4272670456758192,126944.56908681842
HRES corrected exact lead,MSL,All grid cells,72,148.40686816297577,22024.598517942868,0.6928583403507972,22024.118465263073
HRES corrected exact lead,MSL,All grid cells,120,312.9633691104071,97946.07040493692,1.2962694261622087,97944.39009051172
HRES corrected exact lead,MSL,All grid cells,168,510.7547895574395,260870.4550558643,2.2926733705144513,260865.19870468043
HRES corrected exact lead,Z500,Low member disagreement,Equal-lead average,100.75561279180876,10438.450518549193,-2.0842164902760367,10428.086790819742
HRES corrected exact lead,Z500,Low member disagreement,72,78.90087136664269,6225.347502415497,1.2298835961552803,6223.834888755405
HRES corrected exact lead,Z500,Low member disagreement,120,103.20281710426804,10650.821458256998,-2.8512050246584293,10642.69208816436
HRES corrected exact lead,Z500,Low member disagreement,168,120.16314990451558,14439.182594975082,-4.631328042324962,14417.733395539457
HRES corrected exact lead,Z500,Middle member disagreement,Equal-lead average,235.60755080349745,57434.09611974645,22.13904694809213,56793.50189945666
HRES corrected exact lead,Z500,Middle member disagreement,72,177.55046057013487,31524.166048667023,38.644096527025454,30030.799852276963
HRES corrected exact lead,Z500,Middle member disagreement,120,245.74700141006176,60391.5887020369,18.509587654336897,60048.98386690332
HRES corrected exact lead,Z500,Middle member disagreement,168,283.52519043029565,80386.5336085354,9.263456662914042,80300.72197918972
HRES corrected exact lead,Z500,High member disagreement,Equal-lead average,516.1600996620457,300187.90821922483,67.79407853464252,295400.7208820074
HRES corrected exact lead,Z500,High member disagreement,72,298.4805016008981,89090.60983592374,86.50860903739297,81606.87039833923
HRES corrected exact lead,Z500,High member disagreement,120,502.0703089060642,252074.59508503074,63.34090752486829,248062.52451895684
HRES corrected exact lead,Z500,High member disagreement,168,747.9294884791748,559398.51973672,53.53271904166629,556532.767728726
HRES corrected exact lead,Z500,All grid cells,Equal-lead average,315.1344218522109,123469.56870710698,19.166626841535354,123091.08893563836
HRES corrected exact lead,Z500,All grid cells,72,133.08036819566635,17710.384399094124,14.738981321668776,17493.14682869362
HRES corrected exact lead,Z500,All grid cells,120,299.47481190302835,89685.16296435421,19.974303506011463,89286.19016380396
HRES corrected exact lead,Z500,All grid cells,168,512.848085457938,263013.1587578726,22.786595696925822,262493.92981441744
HRES corrected exact lead,T850,Low member disagreement,Equal-lead average,0.8284904751301286,0.6921223189408359,0.036150699135395474,0.6907385132227045
HRES corrected exact lead,T850,Low member disagreement,72,0.7298991362850661,0.5327527491496855,0.02850377616741313,0.5319402838938835
HRES corrected exact lead,T850,Low member disagreement,120,0.8417502143192378,0.7085434233064827,0.0315158846679051,0.707550172320082
HRES corrected exact lead,T850,Low member disagreement,168,0.913822074786082,0.8350707843663396,0.048432436570868195,0.8327250834541484
HRES corrected exact lead,T850,Middle member disagreement,Equal-lead average,1.4489340067407035,2.1302589578102555,0.014768605082115666,2.129823241256729
HRES corrected exact lead,T850,Middle member disagreement,72,1.238250132610876,1.5332633909108517,0.004095106194015302,1.5332466210161115
HRES corrected exact lead,T850,Middle member disagreement,120,1.4403328362162788,2.0745586790828296,0.004582319955018565,2.0745376814266594
HRES corrected exact lead,T850,Middle member disagreement,168,1.6682190513949555,2.782954803437085,0.03562838909731313,2.7816854213274156
HRES corrected exact lead,T850,High member disagreement,Equal-lead average,3.0158546713123755,9.357957627958756,-0.1621204383359924,9.325564485259632
HRES corrected exact lead,T850,High member disagreement,72,2.4206836986647358,5.8597095689811844,-0.27146451141609496,5.786016588022806
HRES corrected exact lead,T850,High member disagreement,120,2.955395496718919,8.734362542026465,-0.09337486204944728,8.725643677163712
HRES corrected exact lead,T850,High member disagreement,168,3.671484818553472,13.479800772868622,-0.12152194154243502,13.46503319059238
HRES corrected exact lead,T850,All grid cells,Equal-lead average,1.9615066061267707,4.1706897453344824,-0.024442497020136077,4.170042607603645
HRES corrected exact lead,T850,All grid cells,72,1.2952928235690573,1.6777834987895008,-0.024130493428580087,1.677201218076394
HRES corrected exact lead,T850,All grid cells,120,1.9048805553403123,3.628569930113617,-0.015968313666886072,3.6283149430722528
HRES corrected exact lead,T850,All grid cells,168,2.684346439470943,7.205715807100329,-0.03322868396494207,7.2046116616622875
Simple arithmetic mean,T2M,Low member disagreement,Equal-lead average,0.5511762400432261,0.3091963533295041,-0.06553937256521221,0.3044396650027216
Simple arithmetic mean,T2M,Low member disagreement,72,0.4584524615576073,0.21017865950822945,-0.037921195291914844,0.2087406424558619
Simple arithmetic mean,T2M,Low member disagreement,120,0.5568763008779737,0.31011121447953544,-0.0684010565374324,0.30543250994409843
Simple arithmetic mean,T2M,Low member disagreement,168,0.6381999576940972,0.4072991860007475,-0.09029586586628939,0.39914584260820457
Simple arithmetic mean,T2M,Middle member disagreement,Equal-lead average,0.8756897585310376,0.7699655598824506,-0.09346403002738217,0.7603908325326244
Simple arithmetic mean,T2M,Middle member disagreement,72,0.8127076762718349,0.6604937670711656,-0.055997677406152045,0.6573580271962821
Simple arithmetic mean,T2M,Middle member disagreement,120,0.8656542657915952,0.7493573078831858,-0.09784422834572692,0.739783814862615
Simple arithmetic mean,T2M,Middle member disagreement,168,0.9487073335296827,0.9000456046930008,-0.1265501843302675,0.8840306555389761
Simple arithmetic mean,T2M,High member disagreement,Equal-lead average,2.070612965606851,4.427099361929049,-0.0702109252466872,4.418821849882236
Simple arithmetic mean,T2M,High member disagreement,72,1.6214520196515614,2.6291066520321276,0.00021579828674216645,2.629106605463227
Simple arithmetic mean,T2M,High member disagreement,120,2.0539823352824578,4.218843433652379,-0.06934154191987543,4.214035184216553
Simple arithmetic mean,T2M,High member disagreement,168,2.536404541886534,6.433348000102639,-0.14150703210692836,6.413323759966928
Simple arithmetic mean,T2M,All grid cells,Equal-lead average,1.2879373020479312,1.7566670854221724,-0.07969424646341572,1.74904032458712
Simple arithmetic mean,T2M,All grid cells,72,0.9198341156748243,0.8460948003592861,-0.03584744443028595,0.8448097610871036
Simple arithmetic mean,T2M,All grid cells,120,1.2593814629561748,1.5860416692376351,-0.07990416463817022,1.5796569937111113
Simple arithmetic mean,T2M,All grid cells,168,1.6845963275127949,2.837864786669596,-0.12333113032179098,2.8226542189631454
Simple arithmetic mean,U10,Low member disagreement,Equal-lead average,1.0615009485425182,1.146283717440384,0.007985668960288354,1.146153221736942
Simple arithmetic mean,U10,Low member disagreement,72,0.8860520010062274,0.7850881484871396,0.019265448217651398,0.7847169909921126
Simple arithmetic mean,U10,Low member disagreement,120,1.0707242717975456,1.1464504662163844,0.00018658342176643467,1.146450431403011
Simple arithmetic mean,U10,Low member disagreement,168,1.2277265728237814,1.507312537617628,0.004504975241447229,1.5072922428157018
Simple arithmetic mean,U10,Middle member disagreement,Equal-lead average,1.5905199090567166,2.577888617217292,0.01165481119437381,2.577680247107656
Simple arithmetic mean,U10,Middle member disagreement,72,1.3098664895229144,1.7157502203750834,0.02355507456074791,1.715195378837521
Simple arithmetic mean,U10,Middle member disagreement,120,1.616270016739044,2.6123287670096293,0.007314346354744387,2.612275267347032
Simple arithmetic mean,U10,Middle member disagreement,168,1.8454232209081916,3.4055868642671636,0.004095012667629136,3.4055700951384154
Simple arithmetic mean,U10,High member disagreement,Equal-lead average,3.142890301123064,10.128444511179978,0.00973089259814889,10.12767863696798
Simple arithmetic mean,U10,High member disagreement,72,2.511908548060526,6.309684553819539,0.03673025234353524,6.30833544238232
Simple arithmetic mean,U10,High member disagreement,120,3.1801292775594283,10.113222221990652,0.017680031850684445,10.11290963846441
Simple arithmetic mean,U10,High member disagreement,168,3.7366330777492385,13.962426757729746,-0.025217606399773017,13.961790830057213
Simple arithmetic mean,U10,All grid cells,Equal-lead average,2.0551172923040837,4.545704010363142,0.007379308363025148,4.545482529852651
Simple arithmetic mean,U10,All grid cells,72,1.355485597339981,1.8373412045961253,0.02303019215354749,1.836810814845496
Simple arithmetic mean,U10,All grid cells,120,2.0640783225911057,4.260419321790512,0.007728635901391791,4.260359589977616
Simple arithmetic mean,U10,All grid cells,168,2.745787956981163,7.53935150470279,-0.008620902965863838,7.539277184734843
Simple arithmetic mean,V10,Low member disagreement,Equal-lead average,1.1146984272362832,1.2613960216058044,-0.019229345560688327,1.2609825632022738
Simple arithmetic mean,V10,Low member disagreement,72,0.9347534091499838,0.8737639359175171,-0.011773889167559875,0.8736253114513871
Simple arithmetic mean,V10,Low member disagreement,120,1.1415836972085764,1.3032133377324027,-0.027840529166604622,1.302438242668126
Simple arithmetic mean,V10,Low member disagreement,168,1.267758175350289,1.6072107911674938,-0.01807361834790049,1.6068841354873082
Simple arithmetic mean,V10,Middle member disagreement,Equal-lead average,1.6809742433460124,2.886063410918247,-0.009558607559535444,2.885971442731883
Simple arithmetic mean,V10,Middle member disagreement,72,1.3647374461406683,1.8625082968985536,-0.009110194882129904,1.8624253012477632
Simple arithmetic mean,V10,Middle member disagreement,120,1.7142758872308095,2.938741817540979,-0.008916207653552562,2.938662318782058
Simple arithmetic mean,V10,Middle member disagreement,168,1.9639093966665593,3.856940118315209,-0.010649420142923863,3.8568267081658285
Simple arithmetic mean,V10,High member disagreement,Equal-lead average,3.3317114814333038,11.393605386490634,0.0074955533163026875,11.393370327073724
Simple arithmetic mean,V10,High member disagreement,72,2.6569610930259566,7.059442249853686,0.02291684228187418,7.058917068193514
Simple arithmetic mean,V10,High member disagreement,120,3.3552556359479357,11.257740382560387,-0.009699395625454127,11.257646304284888
Simple arithmetic mean,V10,High member disagreement,168,3.982917715326018,15.863633527057829,0.00926921329248801,15.863547608742767
Simple arithmetic mean,V10,All grid cells,Equal-lead average,2.136532996754426,4.932429598586128,-0.009102965293470872,4.932319867169324
Simple arithmetic mean,V10,All grid cells,72,1.3931265202203746,1.94080150134133,-0.0067298381601871805,1.9407562106196676
Simple arithmetic mean,V10,All grid cells,120,2.13810836990733,4.5715074014677795,-0.016295972084836054,4.57124184276159
Simple arithmetic mean,V10,All grid cells,168,2.8783641001355744,8.284979892949275,-0.00428308563538938,8.284961548126715
Simple arithmetic mean,MSL,Low member disagreement,Equal-lead average,103.61190663591456,11032.856663309116,-3.500455640021476,11003.13605720109
Simple arithmetic mean,MSL,Low member disagreement,72,80.9159892323658,6547.397313452339,1.8788878332615075,6543.867093962362
Simple arithmetic mean,MSL,Low member disagreement,120,107.22580432306478,11497.373112728177,-4.06924961551478,11480.81432029481
Simple arithmetic mean,MSL,Low member disagreement,168,122.69392635231308,15053.799563746827,-8.311005137811154,14984.726757346103
Simple arithmetic mean,MSL,Middle member disagreement,Equal-lead average,228.66196093828685,54948.82681555114,8.099309481449339,54868.04737992567
Simple arithmetic mean,MSL,Middle member disagreement,72,161.92274772685354,26218.97623141425,7.65528395841808,26160.372858930237
Simple arithmetic mean,MSL,Middle member disagreement,120,236.47359974427647,55919.76337601627,13.077693057454036,55748.73732031129
Simple arithmetic mean,MSL,Middle member disagreement,168,287.58953534373063,82707.74083922288,3.564951428475902,82695.03196053549
Simple arithmetic mean,MSL,High member disagreement,Equal-lead average,413.5602699457042,188607.12194240178,11.206511837715729,188463.53931323098
Simple arithmetic mean,MSL,High member disagreement,72,251.23114936278077,63117.09041014386,5.3100929954872464,63088.89332252314
Simple arithmetic mean,MSL,High member disagreement,120,413.48764629201605,170972.03363611136,13.195937638483981,170797.9008659526
Simple arithmetic mean,MSL,High member disagreement,168,575.9620141823158,331732.2417809501,15.113504879175952,331503.8237512172
Simple arithmetic mean,MSL,All grid cells,Equal-lead average,249.97899509363972,74972.89675828973,3.056493535939546,74963.51611445287
Simple arithmetic mean,MSL,All grid cells,72,116.18159902117957,13498.163951118153,3.0086165225411126,13489.112177738445
Simple arithmetic mean,MSL,All grid cells,120,244.08489981509476,59577.43831774485,3.3171121983608454,59566.43508440833
Simple arithmetic mean,MSL,All grid cells,168,389.6704864446449,151843.08800600618,2.84375188691668,151835.00108121184
Simple arithmetic mean,Z500,Low member disagreement,Equal-lead average,95.76899945877757,9495.746293853883,-21.113313078392775,8984.780801763298
Simple arithmetic mean,Z500,Low member disagreement,72,72.65558170581812,5278.8335530108125,-10.8739354867576,5160.591080040646
Simple arithmetic mean,Z500,Low member disagreement,120,98.08476711638228,9620.621540274946,-21.85617490499262,9142.929158797317
Simple arithmetic mean,Z500,Low member disagreement,168,116.5666495541323,13587.783788275892,-30.609828843428105,12650.82216645193
Simple arithmetic mean,Z500,Middle member disagreement,Equal-lead average,212.09718936755408,47359.19770331521,-14.808009156259393,47035.379261718925
Simple arithmetic mean,Z500,Middle member disagreement,72,147.68611719801387,21811.189213025493,-4.428504557852202,21791.577560406575
Simple arithmetic mean,Z500,Middle member disagreement,120,223.1041338711277,49775.454550386065,-11.279311314792997,49648.23168665005
Simple arithmetic mean,Z500,Middle member disagreement,168,265.5013170335207,70490.94934653406,-28.71621159613298,69666.32853810018
Simple arithmetic mean,Z500,High member disagreement,Equal-lead average,381.53964193430426,166764.11638368954,-9.126612460010001,166666.4556814955
Simple arithmetic mean,Z500,High member disagreement,72,206.7965345748063,42764.80671214905,-4.391633105738969,42745.52027081363
Simple arithmetic mean,Z500,High member disagreement,120,374.6452853004153,140359.0897978296,-13.669751163112297,140172.2277009682
Simple arithmetic mean,Z500,High member disagreement,168,563.1771059276912,317168.4526410899,-9.318453111178737,317081.6190727047
Simple arithmetic mean,Z500,All grid cells,Equal-lead average,244.16328286525962,73433.38322998547,-16.047979271301205,73151.5161761584
Simple arithmetic mean,Z500,All grid cells,72,105.97087344222598,11229.826018108275,-9.312300355300422,11143.107080200947
Simple arithmetic mean,Z500,All grid cells,120,233.23664534370212,54399.33273118389,-17.845119885521953,54080.88442745524
Simple arithmetic mean,Z500,All grid cells,168,393.2823298098508,154670.99094066425,-20.986517573081244,154230.55702081902
Simple arithmetic mean,T850,Low member disagreement,Equal-lead average,0.7746619875297188,0.6067338375514507,-0.018562324059726996,0.6062332451058776
Simple arithmetic mean,T850,Low member disagreement,72,0.6685464956746769,0.44695441687889087,-0.0010597258663443538,0.44695329385997906
Simple arithmetic mean,T850,Low member disagreement,120,0.7889435715377453,0.6224319590707335,-0.02524163160891748,0.6217948191044531
Simple arithmetic mean,T850,Low member disagreement,168,0.8664958953767339,0.7508151367047278,-0.02938561470391916,0.7499516223532006
Simple arithmetic mean,T850,Middle member disagreement,Equal-lead average,1.2497464697086915,1.6035763918914017,-0.05126931237863467,1.6005556842081992
Simple arithmetic mean,T850,Middle member disagreement,72,1.0000725496342744,1.0001451045319982,-0.024004197937386007,0.999568903013381
Simple arithmetic mean,T850,Middle member disagreement,120,1.2488359437308647,1.5595912143541593,-0.07044335748756121,1.554628947740039
Simple arithmetic mean,T850,Middle member disagreement,168,1.5003309157609357,2.2509928567880477,-0.059360381710956804,2.2474692018711773
Simple arithmetic mean,T850,High member disagreement,Equal-lead average,2.1463057149918754,4.827565613287287,-0.11125436572556584,4.814057531747342
Simple arithmetic mean,T850,High member disagreement,72,1.5749881108524748,2.4805875493266476,-0.07280449348089355,2.475287055055638
Simple arithmetic mean,T850,High member disagreement,120,2.1376802445951997,4.569676828132592,-0.10625066251969865,4.558387624846717
Simple arithmetic mean,T850,High member disagreement,168,2.7262487895279515,7.432432462402621,-0.1547079411761053,7.408497915339671
Simple arithmetic mean,T850,All grid cells,Equal-lead average,1.5014428016208934,2.452819479043549,-0.060571501331792454,2.448180725891715
Simple arithmetic mean,T850,All grid cells,72,0.9734464650936719,0.9475980204033655,-0.019993644790450692,0.9471982745713587
Simple arithmetic mean,T850,All grid cells,120,1.4677021746009502,2.154149673328358,-0.0660331663265715,2.149789294273245
Simple arithmetic mean,T850,All grid cells,168,2.063179765168058,4.256710743398924,-0.09568769287835517,4.247554608830542
Mean-bias-corrected arithmetic mean,T2M,Low member disagreement,Equal-lead average,0.5591312469770897,0.31796897075537295,-0.10819818682489546,0.30443966500272435
Mean-bias-corrected arithmetic mean,T2M,Low member disagreement,72,0.4618916255178368,0.2133438737235096,-0.06784711687055488,0.20874064245586288
Mean-bias-corrected arithmetic mean,T2M,Low member disagreement,120,0.5774167351055417,0.33341008597994337,-0.16726498747747637,0.30543250994410304
Mean-bias-corrected arithmetic mean,T2M,Low member disagreement,168,0.6380853803078909,0.40715295256266576,-0.08948245612665509,0.399145842608207
Mean-bias-corrected arithmetic mean,T2M,Middle member disagreement,Equal-lead average,0.8820765216904917,0.781019732958142,-0.13612284428705942,0.7603908325326261
Mean-bias-corrected arithmetic mean,T2M,Middle member disagreement,72,0.8153164367647564,0.6647408920587791,-0.08592359898477687,0.6573580271962823
Mean-bias-corrected arithmetic mean,T2M,Middle member disagreement,120,0.8823139547758565,0.7784779147922122,-0.19670815928576915,0.7397838148626167
Mean-bias-corrected arithmetic mean,T2M,Middle member disagreement,168,0.9485991735308621,0.8998403920234347,-0.12573677459063218,0.8840306555389792
Mean-bias-corrected arithmetic mean,T2M,High member disagreement,Equal-lead average,2.0725915896553033,4.435145339182527,-0.11286973950636148,4.418821849882236
Mean-bias-corrected arithmetic mean,T2M,High member disagreement,72,1.6217241741089168,2.629989296889248,-0.029710123291885975,2.629106605463229
Mean-bias-corrected arithmetic mean,T2M,High member disagreement,120,2.0596913034036497,4.242328265316626,-0.168205472859906,4.214035184216602
Mean-bias-corrected arithmetic mean,T2M,High member disagreement,168,2.5363592914533437,6.433118455341707,-0.14069362236729244,6.413323759966876
Mean-bias-corrected arithmetic mean,T2M,All grid cells,Equal-lead average,1.2918388922779298,1.7661385777636032,-0.12235306072309472,1.74904032458712
Mean-bias-corrected arithmetic mean,T2M,All grid cells,72,0.9214857007915248,0.8491358967632475,-0.06577336600891877,0.8448097610871044
Mean-bias-corrected arithmetic mean,T2M,All grid cells,120,1.2694940038093079,1.611615025707787,-0.17876809557820972,1.579656993711127
Mean-bias-corrected arithmetic mean,T2M,All grid cells,168,1.6845369722329562,2.8376648108197755,-0.12251772058215571,2.8226542189631285
Mean-bias-corrected arithmetic mean,U10,Low member disagreement,Equal-lead average,1.0638368947520982,1.1516464004614042,-0.05732579698475615,1.146153221736937
Mean-bias-corrected arithmetic mean,U10,Low member disagreement,72,0.8858889096119705,0.784799160173486,0.009064721803633616,0.7847169909921088
Mean-bias-corrected arithmetic mean,U10,Low member disagreement,120,1.0747270946577923,1.1550383279915792,-0.09267090475750481,1.1464504314030046
Mean-bias-corrected arithmetic mean,U10,Low member disagreement,168,1.2308946799865321,1.515101713219147,-0.08837120800039724,1.5072922428156976
Mean-bias-corrected arithmetic mean,U10,Middle member disagreement,Equal-lead average,1.5919304792169529,2.5828062684330413,-0.053656654750668546,2.5776802471076548
Mean-bias-corrected arithmetic mean,U10,Middle member disagreement,72,1.3097227635846964,1.7153737174519343,0.013354348146725802,1.7151953788375103
Mean-bias-corrected arithmetic mean,U10,Middle member disagreement,120,1.618515646035043,2.6195928964602326,-0.08554314182452107,2.6122752673470226
Mean-bias-corrected arithmetic mean,U10,Middle member disagreement,168,1.8475530280311192,3.4134521913869578,-0.08878117057421037,3.405570095138431
Mean-bias-corrected arithmetic mean,U10,High member disagreement,Equal-lead average,3.1437208011496325,10.134445839913928,-0.055580573346916025,10.127678636967921
Mean-bias-corrected arithmetic mean,U10,High member disagreement,72,2.5117800974863127,6.30903925812835,0.02652952592951322,6.3083354423823055
Mean-bias-corrected arithmetic mean,U10,High member disagreement,120,3.180968608522313,10.118561288404381,-0.07517745632855828,10.112909638464348
Mean-bias-corrected arithmetic mean,U10,High member disagreement,168,3.7384136974402726,13.97573697320905,-0.11809378964170303,13.961790830057112
Mean-bias-corrected arithmetic mean,U10,All grid cells,Equal-lead average,2.056272986503657,4.551386921582619,-0.05793215758202854,4.545482529852628
Mean-bias-corrected arithmetic mean,U10,All grid cells,72,1.3553506594371252,1.83697541003665,0.012829465739527724,1.8368108148454882
Mean-bias-corrected arithmetic mean,U10,All grid cells,120,2.0658186056543637,4.26760651146774,-0.08512885227786915,4.260359589977592
Mean-bias-corrected arithmetic mean,U10,All grid cells,168,2.747649694419481,7.5495788432434665,-0.1014970862077442,7.539277184734805
Mean-bias-corrected arithmetic mean,V10,Low member disagreement,Equal-lead average,1.1148973114972616,1.261790308466936,-0.027302090692018305,1.2609825632022766
Mean-bias-corrected arithmetic mean,V10,Low member disagreement,72,0.9351741877517628,0.8745507614371691,-0.03042120947265164,0.8736253114513902
Mean-bias-corrected arithmetic mean,V10,Low member disagreement,120,1.1417815836693508,1.3036651848064909,-0.03502773384554191,1.3024382426681367
Mean-bias-corrected arithmetic mean,V10,Low member disagreement,168,1.2677361630706712,1.6071549791571476,-0.016457328757861364,1.6068841354873031
Mean-bias-corrected arithmetic mean,V10,Middle member disagreement,Equal-lead average,1.6810729762893983,2.886341908393773,-0.01763135269086705,2.8859714427318717
Mean-bias-corrected arithmetic mean,V10,Middle member disagreement,72,1.364989296989949,1.8631957808971154,-0.027757515187229246,1.862425301247746
Mean-bias-corrected arithmetic mean,V10,Middle member disagreement,120,1.7143283345586973,2.938921638670797,-0.01610341233248908,2.938662318782047
Mean-bias-corrected arithmetic mean,V10,Middle member disagreement,168,1.9639012973195489,3.856908305613407,-0.009033130552882821,3.8568267081658214
Mean-bias-corrected arithmetic mean,V10,High member disagreement,Equal-lead average,3.3316905352044337,11.393510953827237,-0.0005771918150286095,11.393370327073649
Mean-bias-corrected arithmetic mean,V10,High member disagreement,72,2.6568656904351458,7.058935297011424,0.004269521976771799,7.058917068193514
Mean-bias-corrected arithmetic mean,V10,High member disagreement,120,3.355284110407744,11.257931461554685,-0.01688660030439106,11.257646304284846
Mean-bias-corrected arithmetic mean,V10,High member disagreement,168,3.982921804770412,15.863666102915595,0.010885502882533432,15.86354760874259
Mean-bias-corrected arithmetic mean,V10,All grid cells,Equal-lead average,2.136626253172235,4.93272072435724,-0.0171757104248009,4.932319867169293
Mean-bias-corrected arithmetic mean,V10,All grid cells,72,1.3933413834345965,1.9414002107914352,-0.025377158465282705,1.9407562106196632
Mean-bias-corrected arithmetic mean,V10,All grid cells,120,2.138175227232908,4.571793302352498,-0.023483176763772977,4.571241842761579
Mean-bias-corrected arithmetic mean,V10,All grid cells,168,2.8783621488492,8.284968659927785,-0.0026667960453470156,8.284961548126637
Mean-bias-corrected arithmetic mean,MSL,Low member disagreement,Equal-lead average,103.78512597504418,11074.534853382173,-2.177771895132132,11003.136057201125
Mean-bias-corrected arithmetic mean,MSL,Low member disagreement,72,80.94543401495919,6552.163287870113,2.8803114254747624,6543.867093962393
Mean-bias-corrected arithmetic mean,MSL,Low member disagreement,120,107.23408286001715,11499.148526829023,4.281846159565143,11480.814320294841
Mean-bias-corrected arithmetic mean,MSL,Low member disagreement,168,123.17586105015617,15172.29274544738,-13.6954732704363,14984.726757346145
Mean-bias-corrected arithmetic mean,MSL,Middle member disagreement,Equal-lead average,228.87616456326865,55047.19478575338,9.421993226337579,54868.047379925636
Mean-bias-corrected arithmetic mean,MSL,Middle member disagreement,72,161.97318125093233,26235.31144454738,8.65670755063117,26160.372858930226
Mean-bias-corrected arithmetic mean,MSL,Middle member disagreement,120,237.0821172318582,56207.93031114056,21.428788832535062,55748.73732031118
Mean-bias-corrected arithmetic mean,MSL,Middle member disagreement,168,287.57319520701543,82698.3426015722,-1.8195167041534959,82695.03196053552
Mean-bias-corrected arithmetic mean,MSL,High member disagreement,Equal-lead average,413.6461785151892,188663.1273287571,12.529195582603991,188463.53931323125
Mean-bias-corrected arithmetic mean,MSL,High member disagreement,72,251.2543105384662,63128.72856416,6.311516587700947,63088.89332252318
Mean-bias-corrected arithmetic mean,MSL,High member disagreement,120,413.8383446647707,171262.17551487754,21.547033413560886,170797.90086595243
Mean-bias-corrected arithmetic mean,MSL,High member disagreement,168,575.8458803423307,331598.4779072339,9.729036746550142,331503.82375121815
Mean-bias-corrected arithmetic mean,MSL,All grid cells,Equal-lead average,250.07378494530167,75016.41036047785,4.379177280828402,74963.51611445297
Mean-bias-corrected arithmetic mean,MSL,All grid cells,72,116.21184362817935,13505.19259946041,4.010040114754373,13489.11217773847
Mean-bias-corrected arithmetic mean,MSL,All grid cells,120,244.3411184424753,59702.58216171974,11.668207973440206,59566.43508440829
Mean-bias-corrected arithmetic mean,MSL,All grid cells,168,389.6683927652503,151841.45632025338,-2.5407162457093735,151835.00108121216
Mean-bias-corrected arithmetic mean,Z500,Low member disagreement,Equal-lead average,93.54691500025763,9022.112265569549,-5.430024895534724,8984.780801763047
Mean-bias-corrected arithmetic mean,Z500,Low member disagreement,72,72.41387990485528,5243.770002874804,-9.120247959028783,5160.5910800406355
Mean-bias-corrected arithmetic mean,Z500,Low member disagreement,120,95.64723151097945,9148.392895714902,-2.337463778913099,9142.929158797171
Mean-bias-corrected arithmetic mean,Z500,Low member disagreement,168,112.5796335849382,12674.173898118943,-4.832362948662292,12650.822166451338
Mean-bias-corrected arithmetic mean,Z500,Middle member disagreement,Equal-lead average,211.52507087770059,47063.27212228303,0.875279026603736,47035.37926171898
Mean-bias-corrected arithmetic mean,Z500,Middle member disagreement,72,147.64393724955696,21798.73220655111,-2.674817030123752,21791.57756040647
Mean-bias-corrected arithmetic mean,Z500,Middle member disagreement,120,222.97111785139515,49716.11939590075,8.239399811289488,49648.23168665047
Mean-bias-corrected arithmetic mean,Z500,Middle member disagreement,168,263.9601575321496,69674.96476439723,-2.938745701354528,69666.3285381
Mean-bias-corrected arithmetic mean,Z500,High member disagreement,Equal-lead average,381.516242305955,166770.47841193623,6.556675722856536,166666.4556814922
Mean-bias-corrected arithmetic mean,Z500,High member disagreement,72,206.76672611347868,42752.47902768631,-2.6379455780096275,42745.52027081377
Mean-bias-corrected arithmetic mean,Z500,High member disagreement,120,374.4415014840321,140206.4380336164,5.848959962964408,140172.22770096804
Mean-bias-corrected arithmetic mean,Z500,High member disagreement,168,563.3404993203542,317352.51817450597,16.459012783614828,317081.6190726948
Mean-bias-corrected arithmetic mean,Z500,All grid cells,Equal-lead average,243.71379489544884,73179.14508326982,-0.36469108843866876,73151.51617615689
Mean-bias-corrected arithmetic mean,Z500,All grid cells,72,105.83118495074154,11200.239708078063,-7.55861282757161,11143.107080200933
Mean-bias-corrected arithmetic mean,Z500,All grid cells,120,232.55899323633054,54083.68533509564,1.6735912405571705,54080.88442745517
Mean-bias-corrected arithmetic mean,Z500,All grid cells,168,392.75120649927453,154253.51020663578,4.7909483216984325,154230.5570208146
Mean-bias-corrected arithmetic mean,T850,Low member disagreement,Equal-lead average,0.7784540257316462,0.6133263333457769,0.052325226387658796,0.6062332451058783
Mean-bias-corrected arithmetic mean,T850,Low member disagreement,72,0.6686746251458335,0.44712575431392093,-0.013132419957561838,0.4469532938599792
Mean-bias-corrected arithmetic mean,T850,Low member disagreement,120,0.7890170167262038,0.6225478526835186,0.027441457305829503,0.621794819104451
Mean-bias-corrected arithmetic mean,T850,Low member disagreement,168,0.8776704353229015,0.7703053930398913,0.14266664181470873,0.7499516223532049
Mean-bias-corrected arithmetic mean,T850,Middle member disagreement,Equal-lead average,1.2502649826153276,1.605327826850166,0.01961823806875361,1.6005556842082018
Mean-bias-corrected arithmetic mean,T850,Middle member disagreement,72,1.0004351279077695,1.0008704451518349,-0.03607689202859836,0.9995689030133917
Mean-bias-corrected arithmetic mean,T850,Middle member disagreement,120,1.246974087493328,1.5549443748798177,-0.017760268572823614,1.554628947740039
Mean-bias-corrected arithmetic mean,T850,Middle member disagreement,168,1.5033857324448858,2.2601686605188456,0.11269187480768281,2.247469201871175
Mean-bias-corrected arithmetic mean,T850,High member disagreement,Equal-lead average,2.1444043901465926,4.817515680809628,-0.04036681527813627,4.814057531747369
Mean-bias-corrected arithmetic mean,T850,High member disagreement,72,1.5755923305302626,2.482491192025784,-0.08487718757210708,2.4752870550556336
Mean-bias-corrected arithmetic mean,T850,High member disagreement,120,2.135709977920387,4.5612571097887,-0.05356757360495825,4.558387624846778
Mean-bias-corrected arithmetic mean,T850,High member disagreement,168,2.721910861989129,7.408798740614402,0.017344315342656506,7.408497915339696
Mean-bias-corrected arithmetic mean,T850,All grid cells,Equal-lead average,1.5008066340937354,2.450526732970443,0.01031604911561399,2.4481807258917243
Mean-bias-corrected arithmetic mean,T850,All grid cells,72,0.9737692358360044,0.9482265246606358,-0.0320663388816657,0.947198274571362
Mean-bias-corrected arithmetic mean,T850,All grid cells,120,1.4662767538361117,2.1499675188401652,-0.013350077411829891,2.1497892942732633
Mean-bias-corrected arithmetic mean,T850,All grid cells,168,2.06237391260909,4.253386155410527,0.07636456364033756,4.247554608830548
Affine-calibrated arithmetic mean,T2M,Low member disagreement,Equal-lead average,0.555900298916557,0.3139737418725133,-0.0962110244495593,0.3040553600095335
Affine-calibrated arithmetic mean,T2M,Low member disagreement,72,0.464533921944254,0.2157917646369103,-0.07666452255168044,0.20991431561883317
Affine-calibrated arithmetic mean,T2M,Low member disagreement,120,0.5674948063676484,0.3220503552542547,-0.13255835400315388,0.3044786380382292
Affine-calibrated arithmetic mean,T2M,Low member disagreement,168,0.6356721684377687,0.40407910572637507,-0.07941019679384356,0.3977731263715381
Affine-calibrated arithmetic mean,T2M,Middle member disagreement,Equal-lead average,0.882762565041328,0.7821476887451237,-0.13077205472825307,0.7631176851770191
Affine-calibrated arithmetic mean,T2M,Middle member disagreement,72,0.8161673914809608,0.666129210916836,-0.08235171707854916,0.6593474056110505
Affine-calibrated arithmetic mean,T2M,Middle member disagreement,120,0.8845843531181106,0.7824894777813862,-0.18866624174867808,0.7468945270058156
Affine-calibrated arithmetic mean,T2M,Middle member disagreement,168,0.9475359505249124,0.897824377537149,-0.12129820535753202,0.883111122914191
Affine-calibrated arithmetic mean,T2M,High member disagreement,Equal-lead average,2.0779195321632242,4.455978248150569,-0.14093276690422496,4.423730426676138
Affine-calibrated arithmetic mean,T2M,High member disagreement,72,1.6269701233743228,2.6470317823526592,0.004639967781796769,2.647010253051643
Affine-calibrated arithmetic mean,T2M,High member disagreement,120,2.0692437036895823,4.281769505258979,-0.2655370772568964,4.2112595658608445
Affine-calibrated arithmetic mean,T2M,High member disagreement,168,2.5375447694257676,6.4391334568400715,-0.16190119123757524,6.412921461115926
Affine-calibrated arithmetic mean,T2M,All grid cells,Equal-lead average,1.2939973024336682,1.77104396467689,-0.1265977278870358,1.7522085287514386
Affine-calibrated arithmetic mean,T2M,All grid cells,72,0.9242444079687222,0.8542277256614538,-0.061867426258668444,0.850400147229582
Affine-calibrated arithmetic mean,T2M,All grid cells,120,1.2729987469751505,1.620525809800303,-0.19167629899416083,1.5837860062042042
Affine-calibrated arithmetic mean,T2M,All grid cells,168,1.684748752357132,2.838378358568913,-0.12624945840827811,2.8224394328205293
Affine-calibrated arithmetic mean,U10,Low member disagreement,Equal-lead average,1.0683878672079201,1.1617436208612084,-0.010900298465388895,1.1615295719381244
Affine-calibrated arithmetic mean,U10,Low member disagreement,72,0.8869608068663759,0.7866994729170527,-0.0005089277746292269,0.7866992139095729
Affine-calibrated arithmetic mean,U10,Low member disagreement,120,1.083274980952427,1.1734846843574809,-0.008230668429307959,1.1734169404546877
Affine-calibrated arithmetic mean,U10,Low member disagreement,168,1.2349278138049575,1.525046705309092,-0.023961299192229498,1.5244725614501125
Affine-calibrated arithmetic mean,U10,Middle member disagreement,Equal-lead average,1.5941463639969013,2.5897031086169164,-0.03664881401379418,2.5870485155929073
Affine-calibrated arithmetic mean,U10,Middle member disagreement,72,1.311573335160716,1.720224613504604,0.014091545364440157,1.720026041853846
Affine-calibrated arithmetic mean,U10,Middle member disagreement,120,1.6226717118312795,2.6330634843774545,-0.06803963575443912,2.628434092343858
Affine-calibrated arithmetic mean,U10,Middle member disagreement,168,1.8481940449987089,3.41582122796869,-0.05599835165138357,3.412685412581018
Affine-calibrated arithmetic mean,U10,High member disagreement,Equal-lead average,3.1383947336040396,10.095567829903048,-0.09379901371918915,10.078019211064513
Affine-calibrated arithmetic mean,U10,High member disagreement,72,2.513701296259679,6.31869420681759,0.03572630788430733,6.317417837742546
Affine-calibrated arithmetic mean,U10,High member disagreement,120,3.1743575327215825,10.076545745546252,-0.13526062103832906,10.058250309942578
Affine-calibrated arithmetic mean,U10,High member disagreement,168,3.7271253718308572,13.891463537345306,-0.18186272800354575,13.858389485508415
Affine-calibrated arithmetic mean,U10,All grid cells,Equal-lead average,2.0546439799631506,4.541204393020953,-0.05316565776202455,4.536206116349159
Affine-calibrated arithmetic mean,U10,All grid cells,72,1.3567930952834812,1.84088750340893,0.00915605255994478,1.8408036701104495
Affine-calibrated arithmetic mean,U10,All grid cells,120,2.065609557826359,4.2667428453836065,-0.06576478949287097,4.262417837846565
Affine-calibrated arithmetic mean,U10,All grid cells,168,2.741529286779611,7.515982830270323,-0.10288823635314748,7.5053968410904615
Affine-calibrated arithmetic mean,V10,Low member disagreement,Equal-lead average,1.1162648069894996,1.2650314032484922,-0.029262203820297997,1.2641680447326065
Affine-calibrated arithmetic mean,V10,Low member disagreement,72,0.9358792246137504,0.8758699230636346,-0.029259057719519636,0.8750138306050005
Affine-calibrated arithmetic mean,V10,Low member disagreement,120,1.1426437506127372,1.3056347408143432,-0.032523057124728125,1.3045769915696048
Affine-calibrated arithmetic mean,V10,Low member disagreement,168,1.2702714457420112,1.6135895458674991,-0.026004496616646226,1.612913312023214
Affine-calibrated arithmetic mean,V10,Middle member disagreement,Equal-lead average,1.681979775780566,2.889373581789845,-0.017804102524173197,2.8889952051702887
Affine-calibrated arithmetic mean,V10,Middle member disagreement,72,1.3656995204898317,1.8651351802661564,-0.028410622536270067,1.864328016793258
Affine-calibrated arithmetic mean,V10,Middle member disagreement,120,1.715815745943469,2.9440236740275436,-0.015277914577483495,2.943790259353707
Affine-calibrated arithmetic mean,V10,Middle member disagreement,168,1.9644240609083965,3.8589618910758356,-0.009723770458766032,3.858867339363901
Affine-calibrated arithmetic mean,V10,High member disagreement,Equal-lead average,3.3280366286962106,11.362914535721643,0.0025256592364358075,11.362656328648336
Affine-calibrated arithmetic mean,V10,High member disagreement,72,2.657530838293727,7.062470156482158,0.0031548813206154335,7.062460203206011
Affine-calibrated arithmetic mean,V10,High member disagreement,120,3.3575991749419036,11.273472219570552,-0.017216901717229154,11.273175797865811
Affine-calibrated arithmetic mean,V10,High member disagreement,168,3.9689798728530006,15.75280123111222,0.021638998105921143,15.752332984873192
Affine-calibrated arithmetic mean,V10,All grid cells,Equal-lead average,2.1348118371977756,4.9208833696948755,-0.01611124306575361,4.920507120457591
Affine-calibrated arithmetic mean,V10,All grid cells,72,1.3939829255440048,1.9431883967082226,-0.02508129395370467,1.9425593254018305
Affine-calibrated arithmetic mean,V10,All grid cells,120,2.139751154436385,4.578535002911842,-0.02233459128642537,4.57803616894391
Affine-calibrated arithmetic mean,V10,All grid cells,168,2.8707014316129364,8.240926709464562,-0.0009178439571307975,8.240925867027032
Affine-calibrated arithmetic mean,MSL,Low member disagreement,Equal-lead average,103.8132118203922,11082.306505996843,-1.6450250002128683,11011.771741518598
Affine-calibrated arithmetic mean,MSL,Low member disagreement,72,80.86913535836122,6539.817053608948,5.12687873512594,6513.532168044262
Affine-calibrated arithmetic mean,MSL,Low member disagreement,120,107.35667181977041,11525.454984217886,3.1756653011084373,11515.370134113222
Affine-calibrated arithmetic mean,MSL,Low member disagreement,168,123.21382828304498,15181.647480163694,-13.237619036872982,15006.412922398313
Affine-calibrated arithmetic mean,MSL,Middle member disagreement,Equal-lead average,228.62622124827737,54973.3366443816,8.33210077843051,54826.605249331245
Affine-calibrated arithmetic mean,MSL,Middle member disagreement,72,160.91539129934444,25893.76315702113,3.013191961692047,25884.683831223127
Affine-calibrated arithmetic mean,MSL,Middle member disagreement,120,237.65193558232147,56478.44248602387,20.72516419127752,56048.91005526846
Affine-calibrated arithmetic mean,MSL,Middle member disagreement,168,287.3113368631662,82547.80429009977,1.2579461823219626,82546.22186150216
Affine-calibrated arithmetic mean,MSL,High member disagreement,Equal-lead average,413.36919321167414,188473.3601066085,7.041235292266186,188254.6473845019
Affine-calibrated arithmetic mean,MSL,High member disagreement,72,250.36736068928897,62683.81529852052,-7.362151861179696,62629.61401849345
Affine-calibrated arithmetic mean,MSL,High member disagreement,120,414.4231874623542,171746.57830645755,24.147847868116635,171163.45974979585
Affine-calibrated arithmetic mean,MSL,High member disagreement,168,575.3170314833791,330989.68671484746,4.338009869861618,330970.86838521645
Affine-calibrated arithmetic mean,MSL,All grid cells,Equal-lead average,249.95407357317382,74959.76373596638,3.8264627655734045,74904.58742182098
Affine-calibrated arithmetic mean,MSL,All grid cells,72,115.81050838607783,13412.073852641803,3.936773108644501,13396.575670132856
Affine-calibrated arithmetic mean,MSL,All grid cells,120,244.71945811381326,59887.6131795184,11.568269758545318,59753.788314311925
Affine-calibrated arithmetic mean,MSL,All grid cells,168,389.33225421963044,151579.60417573893,-4.025654570469605,151563.3982810182
Affine-calibrated arithmetic mean,Z500,Low member disagreement,Equal-lead average,93.69051442531021,9054.816822097091,-3.832354836540229,9014.938108268407
Affine-calibrated arithmetic mean,Z500,Low member disagreement,72,72.02424160052547,5187.491378130864,-5.995503917118653,5151.545310910679
Affine-calibrated arithmetic mean,Z500,Low member disagreement,120,96.56840353556032,9325.456561406818,-8.605542878516221,9251.401193172836
Affine-calibrated arithmetic mean,Z500,Low member disagreement,168,112.47889813984484,12651.502526753593,3.103982286014189,12641.867820721704
Affine-calibrated arithmetic mean,Z500,Middle member disagreement,Equal-lead average,211.94164849553349,47226.131549066864,-0.9208672050049067,47117.81242655753
Affine-calibrated arithmetic mean,Z500,Middle member disagreement,72,147.9694667798784,21894.963099121534,-13.661864401125042,21708.316560206807
Affine-calibrated arithmetic mean,Z500,Middle member disagreement,120,224.15468324161418,50245.322019148385,11.731106696393962,50107.70315482621
Affine-calibrated arithmetic mean,Z500,Middle member disagreement,168,263.7007954651079,69538.10952893065,-0.8318439102836398,69537.41756463957
Affine-calibrated arithmetic mean,Z500,High member disagreement,Equal-lead average,381.94356099644284,166925.59515784032,1.3540968902270236,166702.74067388964
Affine-calibrated arithmetic mean,Z500,High member disagreement,72,207.6385384967453,43113.762669064374,-17.753063491427564,42798.591405733714
Affine-calibrated arithmetic mean,Z500,High member disagreement,120,375.39235617627577,140919.42107557587,18.504957841703167,140576.98761085267
Affine-calibrated arithmetic mean,Z500,High member disagreement,168,562.7997883163076,316743.6017288807,3.310396320405468,316732.64300508256
Affine-calibrated arithmetic mean,Z500,All grid cells,Equal-lead average,243.87469434118336,73211.92372191563,-1.0222600144317366,73184.89266657596
Affine-calibrated arithmetic mean,Z500,All grid cells,72,105.85627520028066,11205.550999277555,-8.230432441951468,11137.810981096029
Affine-calibrated arithmetic mean,Z500,All grid cells,120,233.39319529578682,54472.383610377285,2.478156554802068,54466.242350467175
Affine-calibrated arithmetic mean,Z500,All grid cells,168,392.37461252748255,153957.83655609205,2.6854958438541905,153950.6246681647
Affine-calibrated arithmetic mean,T850,Low member disagreement,Equal-lead average,0.7751989166123959,0.6077618277113076,-0.0011873957406965824,0.6073367593415014
Affine-calibrated arithmetic mean,T850,Low member disagreement,72,0.6684218755295684,0.44678780368646587,-0.027025286787278245,0.44605743756053123
Affine-calibrated arithmetic mean,T850,Low member disagreement,120,0.787457171963687,0.6200887976770477,0.00012163025485974099,0.6200887828831289
Affine-calibrated arithmetic mean,T850,Low member disagreement,168,0.8697177023439325,0.7564088817704092,0.023341469310328756,0.7558640575808442
Affine-calibrated arithmetic mean,T850,Middle member disagreement,Equal-lead average,1.2477207306305829,1.5988910543733883,0.018633292370770067,1.59618657956574
Affine-calibrated arithmetic mean,T850,Middle member disagreement,72,0.9984167188369287,0.9968359444530989,-0.01918016403670315,0.9964680657606241
Affine-calibrated arithmetic mean,T850,Middle member disagreement,120,1.2438749491153278,1.5472248890366596,-0.012093836020563749,1.5470786281669673
Affine-calibrated arithmetic mean,T850,Middle member disagreement,168,1.5008705239394922,2.2526123296304057,0.0871738771695771,2.245013044769629
Affine-calibrated arithmetic mean,T850,High member disagreement,Equal-lead average,2.14526636697271,4.823402995486187,0.03167098672034679,4.814929250837271
Affine-calibrated arithmetic mean,T850,High member disagreement,72,1.5743797797472652,2.4786716908770474,-0.046482058213842714,2.4765111091412524
Affine-calibrated arithmetic mean,T850,High member disagreement,120,2.1350422905098574,4.5584055822655785,-0.010647306674804373,4.5582922171261515
Affine-calibrated arithmetic mean,T850,High member disagreement,168,2.726377030661008,7.433131713315935,0.15214232504968744,7.40998442624441
Affine-calibrated arithmetic mean,T850,All grid cells,Equal-lead average,1.5003627757374451,2.45013004556252,0.02226450899094994,2.44645042085035
Affine-calibrated arithmetic mean,T850,All grid cells,72,0.9726312964608618,0.9460116388551367,-0.026942140324857686,0.9452857599298524
Affine-calibrated arithmetic mean,T850,All grid cells,120,1.4647506456568964,2.1454944539522947,-0.007537164050587777,2.1454376451103694
Affine-calibrated arithmetic mean,T850,All grid cells,168,2.0637063850945774,4.258884043880128,0.10127283134829528,4.248627857510828
Disagreement-conditioned mean-bias-corrected arithmetic mean,T2M,Low member disagreement,Equal-lead average,0.5472407546726282,0.3045744205499357,0.006270821727283685,0.30443966500272085
Disagreement-conditioned mean-bias-corrected arithmetic mean,T2M,Low member disagreement,72,0.4571235205110405,0.20896191300440764,0.014875165496344683,0.208740642455864
Disagreement-conditioned mean-bias-corrected arithmetic mean,T2M,Low member disagreement,120,0.5527755998787457,0.30556086382130715,0.011329337015555179,0.3054325099440951
Disagreement-conditioned mean-bias-corrected arithmetic mean,T2M,Low member disagreement,168,0.6318231436280982,0.3992004848240924,-0.007392037330048805,0.39914584260820357
Disagreement-conditioned mean-bias-corrected arithmetic mean,T2M,Middle member disagreement,Equal-lead average,0.870564629131653,0.7607380151397138,-0.017814097413384754,0.7603908325326224
Disagreement-conditioned mean-bias-corrected arithmetic mean,T2M,Middle member disagreement,72,0.8108437329770346,0.6574675593081326,-0.010465759019244247,0.6573580271962837
Disagreement-conditioned mean-bias-corrected arithmetic mean,T2M,Middle member disagreement,120,0.8603261571644134,0.7401610967012869,-0.019423744198191966,0.7397838148626101
Disagreement-conditioned mean-bias-corrected arithmetic mean,T2M,Middle member disagreement,168,0.9405239972535109,0.8845853894097221,-0.023552789022718044,0.8840306555389734
Disagreement-conditioned mean-bias-corrected arithmetic mean,T2M,High member disagreement,Equal-lead average,2.0996334186089194,4.5463922802808066,-0.3433207654697168,4.418821849882276
Disagreement-conditioned mean-bias-corrected arithmetic mean,T2M,High member disagreement,72,1.6406102945510097,2.6916021385867506,-0.24999106608736504,2.629106605463253
Disagreement-conditioned mean-bias-corrected arithmetic mean,T2M,High member disagreement,120,2.1080770944643477,4.443989036205247,-0.4795350372898345,4.214035184216684
Disagreement-conditioned mean-bias-corrected arithmetic mean,T2M,High member disagreement,168,2.5502128668114006,6.503585666050423,-0.3004361930319508,6.413323759966891
Disagreement-conditioned mean-bias-corrected arithmetic mean,T2M,All grid cells,Equal-lead average,1.299470227822065,1.7860682082182144,-0.10311743100414579,1.7738225896773514
Disagreement-conditioned mean-bias-corrected arithmetic mean,T2M,All grid cells,72,0.9259101267560201,0.8573095628293492,-0.04718563356033218,0.8550830788148592
Disagreement-conditioned mean-bias-corrected arithmetic mean,T2M,All grid cells,120,1.2825160372416373,1.6448473857819927,-0.13958900265536187,1.625362296119674
Disagreement-conditioned mean-bias-corrected arithmetic mean,T2M,All grid cells,168,1.689984519468537,2.8560476760433016,-0.12257765679674337,2.8410223940975214
Disagreement-conditioned mean-bias-corrected arithmetic mean,U10,Low member disagreement,Equal-lead average,1.0623605157154659,1.1483230129246178,-0.040618176336359946,1.1461532217369417
Disagreement-conditioned mean-bias-corrected arithmetic mean,U10,Low member disagreement,72,0.8859000986192469,0.7848189847335914,-0.010099195090817439,0.784716990992109
Disagreement-conditioned mean-bias-corrected arithmetic mean,U10,Low member disagreement,120,1.071749033143002,1.1486459900429598,-0.04685678862176516,1.146450431403015
Disagreement-conditioned mean-bias-corrected arithmetic mean,U10,Low member disagreement,168,1.229432415384149,1.5115040639973023,-0.06489854529649725,1.5072922428157007
Disagreement-conditioned mean-bias-corrected arithmetic mean,U10,Middle member disagreement,Equal-lead average,1.5915403105840353,2.5814773822793065,-0.03490877031864135,2.577680247107657
Disagreement-conditioned mean-bias-corrected arithmetic mean,U10,Middle member disagreement,72,1.3100671247613942,1.7162758713805863,0.03287084640027463,1.7151953788375158
Disagreement-conditioned mean-bias-corrected arithmetic mean,U10,Middle member disagreement,120,1.6169735325766865,2.6146034050535287,-0.04825077933576683,2.61227526734702
Disagreement-conditioned mean-bias-corrected arithmetic mean,U10,Middle member disagreement,168,1.8475802744140253,3.4135528704038047,-0.08934637802043184,3.405570095138435
Disagreement-conditioned mean-bias-corrected arithmetic mean,U10,High member disagreement,Equal-lead average,3.144865762965829,10.14185357966569,-0.08401047996859694,10.127678636967973
Disagreement-conditioned mean-bias-corrected arithmetic mean,U10,High member disagreement,72,2.511876881268244,6.30952546664988,0.03449672836006929,6.308335442382332
Disagreement-conditioned mean-bias-corrected arithmetic mean,U10,High member disagreement,120,3.183865743289733,10.137001071293883,-0.15521415151163,10.112909638464407
Disagreement-conditioned mean-bias-corrected arithmetic mean,U10,High member disagreement,168,3.7388546643395104,13.979034201053313,-0.13131401675423007,13.961790830057183
Disagreement-conditioned mean-bias-corrected arithmetic mean,U10,All grid cells,Equal-lead average,2.0564586123400175,4.552135307226465,-0.05680864448181119,4.546596144806686
Disagreement-conditioned mean-bias-corrected arithmetic mean,U10,All grid cells,72,1.3554871752112398,1.8373454821621467,0.009927091350173098,1.837246935019472
Disagreement-conditioned mean-bias-corrected arithmetic mean,U10,All grid cells,120,2.0661376295533853,4.268924704256483,-0.07887754474138535,4.262703037192053
Disagreement-conditioned mean-bias-corrected arithmetic mean,U10,All grid cells,168,2.7477510322554277,7.550135735260768,-0.10147548005422129,7.539838462208533
Disagreement-conditioned mean-bias-corrected arithmetic mean,V10,Low member disagreement,Equal-lead average,1.1158081375339177,1.2641999011233211,0.016687063329999825,1.2609825632022738
Disagreement-conditioned mean-bias-corrected arithmetic mean,V10,Low member disagreement,72,0.9348256404555522,0.8738989780531333,-0.01654287162914235,0.873625311451395
Disagreement-conditioned mean-bias-corrected arithmetic mean,V10,Low member disagreement,120,1.1415525419949828,1.303142206135207,-0.02653230987084858,1.3024382426681242
Disagreement-conditioned mean-bias-corrected arithmetic mean,V10,Low member disagreement,168,1.2710462301512182,1.6155585191816233,0.0931363714899904,1.6068841354873018
Disagreement-conditioned mean-bias-corrected arithmetic mean,V10,Middle member disagreement,Equal-lead average,1.6818673272061255,2.8894960379333128,0.02343600262671204,2.8859714427318615
Disagreement-conditioned mean-bias-corrected arithmetic mean,V10,Middle member disagreement,72,1.3649385969810435,1.8630573735285794,-0.025141047727187678,1.8624253012477587
Disagreement-conditioned mean-bias-corrected arithmetic mean,V10,Middle member disagreement,120,1.7142577759711808,2.938679722477659,-0.0041717736800089365,2.938662318782022
Disagreement-conditioned mean-bias-corrected arithmetic mean,V10,Middle member disagreement,168,1.966405608666152,3.8667510177937,0.09962082928733274,3.856826708165804
Disagreement-conditioned mean-bias-corrected arithmetic mean,V10,High member disagreement,Equal-lead average,3.332617234169913,11.400742386499465,-0.06738684263176595,11.393370327073649
Disagreement-conditioned mean-bias-corrected arithmetic mean,V10,High member disagreement,72,2.656962775913819,7.059451192591666,-0.023111131477146007,7.058917068193512
Disagreement-conditioned mean-bias-corrected arithmetic mean,V10,High member disagreement,120,3.3554437882213652,11.259003015913345,-0.036833566600240945,11.257646304284851
Disagreement-conditioned mean-bias-corrected arithmetic mean,V10,High member disagreement,168,3.9854451383745557,15.883772950993382,-0.1422158298179109,15.863547608742586
Disagreement-conditioned mean-bias-corrected arithmetic mean,V10,All grid cells,Equal-lead average,2.137381914903998,4.937194062204527,-0.014978050892005336,4.936901367521531
Disagreement-conditioned mean-bias-corrected arithmetic mean,V10,All grid cells,72,1.3932180225962927,1.9410564584871237,-0.020138749696216412,1.940650889247797
Disagreement-conditioned mean-bias-corrected arithmetic mean,V10,All grid cells,120,2.1381769179695485,4.571800532537757,-0.02148364682313941,4.5713389854569355
Disagreement-conditioned mean-bias-corrected arithmetic mean,V10,All grid cells,168,2.8807508041461523,8.298725195588702,-0.003311756156660187,8.298714227859861
Disagreement-conditioned mean-bias-corrected arithmetic mean,MSL,Low member disagreement,Equal-lead average,104.02999343545655,11129.449297425279,9.664258242586651,11003.13605720127
Disagreement-conditioned mean-bias-corrected arithmetic mean,MSL,Low member disagreement,72,81.12790348642893,6581.736724103329,6.153830525847852,6543.867093962472
Disagreement-conditioned mean-bias-corrected arithmetic mean,MSL,Low member disagreement,120,107.26913535153095,11506.667399065067,5.084592291435437,11480.814320294943
Disagreement-conditioned mean-bias-corrected arithmetic mean,MSL,Low member disagreement,168,123.69294146840976,15299.943769107442,17.754351910476665,14984.726757346396
Disagreement-conditioned mean-bias-corrected arithmetic mean,MSL,Middle member disagreement,Equal-lead average,229.33647378467785,55281.16811033146,19.65135551311796,54868.047379925694
Disagreement-conditioned mean-bias-corrected arithmetic mean,MSL,Middle member disagreement,72,162.22178777220253,26315.908428009516,12.471390021933207,26160.37285893034
Disagreement-conditioned mean-bias-corrected arithmetic mean,MSL,Middle member disagreement,120,237.3861896061506,56352.20301572728,24.565538777241716,55748.73732031111
Disagreement-conditioned mean-bias-corrected arithmetic mean,MSL,Middle member disagreement,168,288.4014439756805,83175.39288725758,21.917137740178948,82695.0319605356
Disagreement-conditioned mean-bias-corrected arithmetic mean,MSL,High member disagreement,Equal-lead average,413.7106131047786,188750.25864685848,-4.03819705912521,188463.53931323148
Disagreement-conditioned mean-bias-corrected arithmetic mean,MSL,High member disagreement,72,251.28767109069037,63145.49364218298,-7.523318394171599,63088.8933225229
Disagreement-conditioned mean-bias-corrected arithmetic mean,MSL,High member disagreement,120,413.6523369262549,171108.25584455192,17.616894692316922,170797.90086595173
Disagreement-conditioned mean-bias-corrected arithmetic mean,MSL,High member disagreement,168,576.1918312973905,331997.02645384055,-22.208167475520952,331503.8237512198
Disagreement-conditioned mean-bias-corrected arithmetic mean,MSL,All grid cells,Equal-lead average,250.2434371053425,75121.80476260978,6.760744139629083,75061.5734254835
Disagreement-conditioned mean-bias-corrected arithmetic mean,MSL,All grid cells,72,116.36908457006477,13541.763843674888,6.184248392921104,13503.51891548954
Disagreement-conditioned mean-bias-corrected arithmetic mean,MSL,All grid cells,120,244.32264385408405,59693.554299849595,11.689708897008764,59556.905005752786
Disagreement-conditioned mean-bias-corrected arithmetic mean,MSL,All grid cells,168,390.03858289187866,152130.0961443049,2.408275128957382,152124.29635520815
Disagreement-conditioned mean-bias-corrected arithmetic mean,Z500,Low member disagreement,Equal-lead average,93.56551664531725,9033.312151882006,0.3803162016990971,8984.78080176304
Disagreement-conditioned mean-bias-corrected arithmetic mean,Z500,Low member disagreement,72,72.15863984181232,5206.869303820385,-6.802809991445917,5160.591080040668
Disagreement-conditioned mean-bias-corrected arithmetic mean,Z500,Low member disagreement,120,95.63654001389529,9146.347785829394,-1.8489529556724968,9142.929158797104
Disagreement-conditioned mean-bias-corrected arithmetic mean,Z500,Low member disagreement,168,112.90137008024413,12746.719365996245,9.792711552215705,12650.822166451346
Disagreement-conditioned mean-bias-corrected arithmetic mean,Z500,Middle member disagreement,Equal-lead average,211.47267399520464,47040.72887621118,-2.2117916148596866,47035.379261719085
Disagreement-conditioned mean-bias-corrected arithmetic mean,Z500,Middle member disagreement,72,147.6291199478189,21794.357056567504,-1.6671821019289235,21791.577560406513
Disagreement-conditioned mean-bias-corrected arithmetic mean,Z500,Middle member disagreement,120,222.82612587457612,49651.48237227244,-1.8029657850165985,49648.2316866505
Disagreement-conditioned mean-bias-corrected arithmetic mean,Z500,Middle member disagreement,168,263.96277616321885,69676.34719979357,-3.1652269576335375,69666.32853810024
Disagreement-conditioned mean-bias-corrected arithmetic mean,Z500,High member disagreement,Equal-lead average,381.6194883539535,166804.35663089048,5.0089585699191685,166666.45568149243
Disagreement-conditioned mean-bias-corrected arithmetic mean,Z500,High member disagreement,72,206.97481645031732,42838.57464464254,-9.646469500736398,42745.520270813904
Disagreement-conditioned mean-bias-corrected arithmetic mean,Z500,High member disagreement,120,374.70375853195947,140402.906657977,15.188118942407618,140172.22770096827
Disagreement-conditioned mean-bias-corrected arithmetic mean,Z500,High member disagreement,168,563.1798900795836,317171.58859005186,9.485226268086285,317081.6190726951
Disagreement-conditioned mean-bias-corrected arithmetic mean,Z500,All grid cells,Equal-lead average,243.6948308930197,73171.98959211675,1.6281523781108371,73134.0748491553
Disagreement-conditioned mean-bias-corrected arithmetic mean,Z500,All grid cells,72,105.7338166312313,11179.639979406847,-6.305457970244188,11139.88117919233
Disagreement-conditioned mean-bias-corrected arithmetic mean,Z500,All grid cells,120,232.66098062411436,54131.131904974514,3.2097606373549574,54120.8293416254
Disagreement-conditioned mean-bias-corrected arithmetic mean,Z500,All grid cells,168,392.6896954237135,154205.19689196887,7.980154467221742,154141.51402664816
Disagreement-conditioned mean-bias-corrected arithmetic mean,T850,Low member disagreement,Equal-lead average,0.7761395737324075,0.6091981944799475,0.047369540915229436,0.606233245105876
Disagreement-conditioned mean-bias-corrected arithmetic mean,T850,Low member disagreement,72,0.6693161549386322,0.44798411526183507,0.03210640748910565,0.44695329385997856
Disagreement-conditioned mean-bias-corrected arithmetic mean,T850,Low member disagreement,120,0.7889322882187365,0.6224141553940515,0.024886468001686087,0.6217948191044526
Disagreement-conditioned mean-bias-corrected arithmetic mean,T850,Low member disagreement,168,0.8701702780398536,0.757196312783956,0.08511574725489657,0.7499516223531966
Disagreement-conditioned mean-bias-corrected arithmetic mean,T850,Middle member disagreement,Equal-lead average,1.2490928500345453,1.6018013841911032,-0.009636348853616866,1.6005556842082005
Disagreement-conditioned mean-bias-corrected arithmetic mean,T850,Middle member disagreement,72,1.00024188821947,1.0004838349488507,-0.030247841831648623,0.9995689030133783
Disagreement-conditioned mean-bias-corrected arithmetic mean,T850,Middle member disagreement,120,1.2473931812759556,1.5559897486937488,-0.03688903568421239,1.5546289477400377
Disagreement-conditioned mean-bias-corrected arithmetic mean,T850,Middle member disagreement,168,1.499643480608211,2.24893056893071,0.03822783095501041,2.2474692018711853
Disagreement-conditioned mean-bias-corrected arithmetic mean,T850,High member disagreement,Equal-lead average,2.1477053362799716,4.829212642547897,-0.0380045499335132,4.814057531747381
Disagreement-conditioned mean-bias-corrected arithmetic mean,T850,High member disagreement,72,1.5840525832252061,2.5092225864224487,-0.1842159910724233,2.4752870550556536
Disagreement-conditioned mean-bias-corrected arithmetic mean,T850,High member disagreement,120,2.1352812632342344,4.559426073119187,-0.0322249634975506,4.558387624846769
Disagreement-conditioned mean-bias-corrected arithmetic mean,T850,High member disagreement,168,2.7237821623804743,7.418989268102052,0.1024273047694343,7.408497915339722
Disagreement-conditioned mean-bias-corrected arithmetic mean,T850,All grid cells,Equal-lead average,1.5013399116007022,2.451211253468689,0.014017307525858702,2.4488835282326744
Disagreement-conditioned mean-bias-corrected arithmetic mean,T850,All grid cells,72,0.9759006315620182,0.9523820426831461,-0.022450185247557666,0.9518780318654965
Disagreement-conditioned mean-bias-corrected arithmetic mean,T850,All grid cells,120,1.4662009321383347,2.1497451734033217,-0.014647261267469954,2.149530631140684
Disagreement-conditioned mean-bias-corrected arithmetic mean,T850,All grid cells,168,2.0619181711017536,4.2515065443196,0.07914936909260373,4.245241921691843
Global-skill fusion,T2M,Low member disagreement,Equal-lead average,0.5458994015250144,0.30318447179526475,0.0108538976701962,0.30305068661396545
Global-skill fusion,T2M,Low member disagreement,72,0.4554624966683712,0.20744608587138605,0.0058326183892830775,0.20741206643411106
Global-skill fusion,T2M,Low member disagreement,120,0.5507031599076453,0.3032739703322655,0.011115716334293896,0.303150411182641
Global-skill fusion,T2M,Low member disagreement,168,0.6315325479990265,0.39883335918214274,0.015613358287011627,0.3985895822251441
Global-skill fusion,T2M,Middle member disagreement,Equal-lead average,0.8695633656503174,0.7592562552689893,0.004257535297137784,0.7592131053203932
Global-skill fusion,T2M,Middle member disagreement,72,0.8074492111312739,0.6519742285565164,0.004301797716720245,0.6519557230929208
Global-skill fusion,T2M,Middle member disagreement,120,0.8584293723129564,0.7369009872496162,-0.0018910584575039843,0.7368974111475265
Global-skill fusion,T2M,Middle member disagreement,168,0.9428115135067219,0.8888935500008357,0.010361866632197092,0.8887861817207322
Global-skill fusion,T2M,High member disagreement,Equal-lead average,2.05574296817618,4.376137240352309,0.03754136328350147,4.374060640030051
Global-skill fusion,T2M,High member disagreement,72,1.583603804960468,2.5078010110852715,0.07249866324718862,2.502544954912642
Global-skill fusion,T2M,High member disagreement,120,2.051187132094582,4.207368650870396,0.029247479605015125,4.20651323580715
Global-skill fusion,T2M,High member disagreement,168,2.5324379674734896,6.413242059101259,0.010877946998300653,6.413123729370361
Global-skill fusion,T2M,All grid cells,Equal-lead average,1.2799462945655522,1.7390380745806917,0.01402451623049887,1.738829185534481
Global-skill fusion,T2M,All grid cells,72,0.9040656775808534,0.8173347493797276,0.018954982958770007,0.8169754580007603
Global-skill fusion,T2M,All grid cells,120,1.2552868435464957,1.5757450595809244,0.011293088486776699,1.5756175257333542
Global-skill fusion,T2M,All grid cells,168,1.6804863625693078,2.824034414781423,0.011825477245949905,2.8238945728693285
Global-skill fusion,U10,Low member disagreement,Equal-lead average,1.0618577306877237,1.1464908730266143,-0.0328314502946595,1.1453213354800693
Global-skill fusion,U10,Low member disagreement,72,0.8883312074914134,0.7891323342031524,-0.019614804190442602,0.788747593659723
Global-skill fusion,U10,Low member disagreement,120,1.0722013709929952,1.1496157799592583,-0.04197755317544606,1.147853664988661
Global-skill fusion,U10,Low member disagreement,168,1.225040613578763,1.5007245049174325,-0.03690199351808985,1.4993627477918234
Global-skill fusion,U10,Middle member disagreement,Equal-lead average,1.5885661206728898,2.568545855470511,-0.00041159357332829475,2.568467746423173
Global-skill fusion,U10,Middle member disagreement,72,1.316151828302967,1.7322556351452427,0.0114452844441116,1.732124640609236
Global-skill fusion,U10,Middle member disagreement,120,1.6159240887918727,2.611210660737844,-0.00972681421982131,2.611116049822977
Global-skill fusion,U10,Middle member disagreement,168,1.8336224449238308,3.3621712705284468,-0.0029532509442751734,3.362162548837307
Global-skill fusion,U10,High member disagreement,Equal-lead average,3.1371159595472187,10.027421410411403,0.01559875030924439,10.025808926873886
Global-skill fusion,U10,High member disagreement,72,2.5836823559811477,6.675414516608293,0.06077285144675586,6.671721177135324
Global-skill fusion,U10,High member disagreement,120,3.1920880094617874,10.189425860149717,0.01588568560376967,10.189173505142614
Global-skill fusion,U10,High member disagreement,168,3.6355775131987214,13.217423854476198,-0.029862286122792354,13.216532098343718
Global-skill fusion,U10,All grid cells,Equal-lead average,2.043012987561061,4.458782921705043,-0.012007730569357248,4.458534459521586
Global-skill fusion,U10,All grid cells,72,1.37641233732857,1.894510922350297,0.001394009845169786,1.8945089790868486
Global-skill fusion,U10,All grid cells,120,2.0696311296685423,4.283373012893087,-0.01404921235730948,4.283175632525226
Global-skill fusion,U10,All grid cells,168,2.682995495686071,7.198464829871746,-0.02336798919593205,7.197918766952685
Global-skill fusion,V10,Low member disagreement,Equal-lead average,1.1162630879902216,1.264721082469017,0.050452538624119726,1.2618939185624811
Global-skill fusion,V10,Low member disagreement,72,0.9381643712993298,0.8801523875754669,0.05433583113799554,0.8772000050300102
Global-skill fusion,V10,Low member disagreement,120,1.1402944747884074,1.30027148923297,0.028231644136168677,1.2994744635023388
Global-skill fusion,V10,Low member disagreement,168,1.2703304178829276,1.6137393705986136,0.06879014059819495,1.6090072871550942
Global-skill fusion,V10,Middle member disagreement,Equal-lead average,1.6851583078615777,2.8982599977128056,0.06417881481509984,2.8938112665375084
Global-skill fusion,V10,Middle member disagreement,72,1.375352928152974,1.8915956769789593,0.05724586471446372,1.8883185879520525
Global-skill fusion,V10,Middle member disagreement,120,1.7144915636780946,2.939481321923358,0.0462287773455,2.937344222068498
Global-skill fusion,V10,Middle member disagreement,168,1.965630431753665,3.8637029942360996,0.0890618023853358,3.855770989591975
Global-skill fusion,V10,High member disagreement,Equal-lead average,3.362055930281867,11.552540019328672,0.06610831560478103,11.545824404300538
Global-skill fusion,V10,High member disagreement,72,2.74241325857241,7.5208304807937445,0.07222219823499838,7.515614434875849
Global-skill fusion,V10,High member disagreement,120,3.3791109241070063,11.418390637419305,0.003975797411911441,11.418374830454244
Global-skill fusion,V10,High member disagreement,168,3.964643608166183,15.71839893977297,0.12212695116743329,15.703483947571517
Global-skill fusion,V10,All grid cells,Equal-lead average,2.144678013867887,4.950522525282371,0.06097735949144683,4.945991860832107
Global-skill fusion,V10,All grid cells,72,1.4175169246829473,2.0093542317626003,0.05743789390358498,2.0060551201065207
Global-skill fusion,V10,All grid cells,120,2.1480562875726927,4.614145814580579,0.02797291713934469,4.613363330487294
Global-skill fusion,V10,All grid cells,168,2.8684608293480207,8.228067529503935,0.09752126743141082,8.218557131902507
Global-skill fusion,MSL,Low member disagreement,Equal-lead average,105.81016972511378,11457.895860331357,5.522016721131513,11415.795905627156
Global-skill fusion,MSL,Low member disagreement,72,84.48650275662834,7137.969148045768,9.392228041504188,7049.75520046215
Global-skill fusion,MSL,Low member disagreement,120,109.25177572860484,11935.950499853368,6.072273671382165,11899.077992313207
Global-skill fusion,MSL,Low member disagreement,168,123.69223069010813,15299.767933094929,1.101548450508187,15298.554524106112
Global-skill fusion,MSL,Middle member disagreement,Equal-lead average,233.58652068474495,56878.92030441305,15.105744444325872,56609.795592141105
Global-skill fusion,MSL,Middle member disagreement,72,171.3378729529832,29356.66670805261,7.7084207798569615,29297.24695713328
Global-skill fusion,MSL,Middle member disagreement,120,240.87356534582392,58020.074482408905,23.317885813935394,57476.35068357718
Global-skill fusion,MSL,Middle member disagreement,168,288.5481237554277,83260.01972277762,14.290926739185258,83055.78913571287
Global-skill fusion,MSL,High member disagreement,Equal-lead average,422.42008433029105,193406.4896350673,14.024670206107993,193145.59288043264
Global-skill fusion,MSL,High member disagreement,72,273.0565298715795,74559.8685055088,2.9411746399637226,74551.21799724603
Global-skill fusion,MSL,High member disagreement,120,421.4742248533453,177640.52221572827,17.52309596529633,177333.46332351927
Global-skill fusion,MSL,High member disagreement,168,572.7294982659482,328019.0781839648,21.60974001306393,327552.0973205326
Global-skill fusion,MSL,All grid cells,Equal-lead average,253.39706692012717,75888.86285358666,10.66138329373405,75773.16016677186
Global-skill fusion,MSL,All grid cells,72,123.4205574512167,15232.634001569082,8.68602521388523,15157.186967552832
Global-skill fusion,MSL,All grid cells,120,248.759433979785,61881.255993943014,12.009423209145261,61737.02974812665
Global-skill fusion,MSL,All grid cells,168,388.0112093293799,150552.69856524785,11.288701458171657,150425.26378463613
Global-skill fusion,Z500,Low member disagreement,Equal-lead average,96.79310353493668,9663.573952875144,-17.258613330689716,9301.766126842418
Global-skill fusion,Z500,Low member disagreement,72,74.9366484317429,5615.501278182634,-7.432377756268008,5560.261039070767
Global-skill fusion,Z500,Low member disagreement,120,98.57118796378346,9716.27909659153,-17.323436703503265,9416.177637371246
Global-skill fusion,Z500,Low member disagreement,168,116.87147420928372,13658.94148385127,-27.020025532297876,12928.85970408524
Global-skill fusion,Z500,Middle member disagreement,Equal-lead average,216.87902599015752,49103.06625297557,-15.794052130853737,48799.66329693833
Global-skill fusion,Z500,Middle member disagreement,72,157.1312143201094,24690.218513712152,-13.888860557679472,24497.318066121486
Global-skill fusion,Z500,Middle member disagreement,120,226.1985950982376,51165.80442441644,-7.903345718047296,51103.34155087746
Global-skill fusion,Z500,Middle member disagreement,168,267.3072685521255,71453.17582079813,-25.58995011683444,70798.33027381606
Global-skill fusion,Z500,High member disagreement,Equal-lead average,389.89420318496303,170717.90863030113,-10.094350727143967,170553.75467689792
Global-skill fusion,Z500,High member disagreement,72,227.3201823641168,51674.46531005532,-19.523623036417384,51293.29345358719
Global-skill fusion,Z500,High member disagreement,120,380.4734727724374,144760.06348351866,-10.547274246965257,144648.81848947797
Global-skill fusion,Z500,High member disagreement,168,561.8889544183347,315719.1970973294,-0.2121548980492557,315719.15208762867
Global-skill fusion,Z500,All grid cells,Equal-lead average,247.37503651282123,74298.93250267809,-12.81646110858398,74129.02324213118
Global-skill fusion,Z500,All grid cells,72,112.88741260127912,12743.567923811432,-9.518777913442282,12652.960790845995
Global-skill fusion,Z500,All grid cells,120,236.57017788152595,55965.44906289683,-13.90374954128362,55772.134811590084
Global-skill fusion,Z500,All grid cells,168,392.6675190556586,154187.78052132603,-15.026855871026033,153961.97412395745
Global-skill fusion,T850,Low member disagreement,Equal-lead average,0.7756834286906361,0.6084446568826566,0.060255423665790835,0.6047321615099776
Global-skill fusion,T850,Low member disagreement,72,0.6692179938734188,0.44785272332396325,0.06779927510254864,0.44325598161953217
Global-skill fusion,T850,Low member disagreement,120,0.788435948496234,0.6216312448811562,0.06542702445701021,0.617350549351858
Global-skill fusion,T850,Low member disagreement,168,0.8693963437022555,0.7558500024428504,0.047539971437813654,0.7535899535585423
Global-skill fusion,T850,Middle member disagreement,Equal-lead average,1.2517865647241584,1.6095100442552812,0.052979806303826656,1.6065780923848434
Global-skill fusion,T850,Middle member disagreement,72,1.0014210474482137,1.0028441142722775,0.06618996300900662,0.9984630030691438
Global-skill fusion,T850,Middle member disagreement,120,1.2473603276619158,1.5559077870248421,0.053908439622030804,1.5530016671623599
Global-skill fusion,T850,Middle member disagreement,168,1.5065783190623458,2.269778231468724,0.03884101628044254,2.268269606923026
Global-skill fusion,T850,High member disagreement,Equal-lead average,2.1672062966625574,4.916131256750738,0.07441801526644297,4.90756573262212
Global-skill fusion,T850,High member disagreement,72,1.59579342941913,2.546556669377268,0.12180800513009757,2.531719479263494
Global-skill fusion,T850,High member disagreement,120,2.162847758171411,4.677910425027099,0.10417268211253307,4.66705847732858
Global-skill fusion,T850,High member disagreement,168,2.7429777023971313,7.5239266758478465,-0.0027266414433017375,7.523919241274286
Global-skill fusion,T850,All grid cells,Equal-lead average,1.5107727303765648,2.4831151027447462,0.056659426842028356,2.4793010969197713
Global-skill fusion,T850,All grid cells,72,0.9790903929704843,0.9586179976070974,0.07504896086295086,0.9529856510804887
Global-skill fusion,T850,All grid cells,120,1.478273977328035,2.1852939520452477,0.07299780576448364,2.1799652723988183
Global-skill fusion,T850,All grid cells,168,2.0749538208311753,4.305433358581893,0.021931513898650595,4.3049523672800065
Frozen phase-selective fusion seed 123,T2M,Low member disagreement,Equal-lead average,0.545080963373123,0.30225593352139757,0.022655363214695117,0.3017278239957288
Frozen phase-selective fusion seed 123,T2M,Low member disagreement,72,0.45514567987548665,0.20715758990931896,0.01788115443248118,0.2068378542254807
Frozen phase-selective fusion seed 123,T2M,Low member disagreement,120,0.5494561314219003,0.30190204035712054,0.022768426533964704,0.301383639110288
Frozen phase-selective fusion seed 123,T2M,Low member disagreement,168,0.630641078821982,0.3977081702977532,0.02731650867763946,0.39696197865141764
Frozen phase-selective fusion seed 123,T2M,Middle member disagreement,Equal-lead average,0.8688892695911129,0.7581104661226138,0.0035917767969378734,0.7580822615892311
Frozen phase-selective fusion seed 123,T2M,Middle member disagreement,72,0.8064453414072412,0.6503540886774419,0.0056947472432504805,0.6503216585312774
Frozen phase-selective fusion seed 123,T2M,Middle member disagreement,120,0.8578214968337892,0.7358577204301625,-0.0018912595894104863,0.7358541435673279
Frozen phase-selective fusion seed 123,T2M,Middle member disagreement,168,0.9424009705323085,0.8881195892602372,0.006971842736973627,0.888070982669088
Frozen phase-selective fusion seed 123,T2M,High member disagreement,Equal-lead average,2.059121004038906,4.3968272282118335,-0.03148399495998997,4.392687388719893
Frozen phase-selective fusion seed 123,T2M,High member disagreement,72,1.5752345876566571,2.481364006149839,0.038774391882876104,2.4798605526839523
Frozen phase-selective fusion seed 123,T2M,High member disagreement,120,2.0568054755653655,4.23044876431567,-0.03466454774322842,4.229247133445428
Frozen phase-selective fusion seed 123,T2M,High member disagreement,168,2.545322948894696,6.47866891416999,-0.09856182901961759,6.468954480030298
Frozen phase-selective fusion seed 123,T2M,All grid cells,Equal-lead average,1.2819348507875972,1.7468360115744854,-0.003989135140469955,1.7464724845699697
Frozen phase-selective fusion seed 123,T2M,All grid cells,72,0.9007158179527989,0.8112889847103795,0.01829606189045758,0.81095423882968
Frozen phase-selective fusion seed 123,T2M,All grid cells,120,1.2575499216502883,1.5814318054426462,-0.002927299912820336,1.5814232363578666
Frozen phase-selective fusion seed 123,T2M,All grid cells,168,1.687538812759704,2.847787244570431,-0.02733616739904711,2.8470399785223623
Frozen phase-selective fusion seed 123,U10,Low member disagreement,Equal-lead average,1.0618429973261916,1.146467541229703,-0.031485326481909943,1.1453835923565248
Frozen phase-selective fusion seed 123,U10,Low member disagreement,72,0.8883312491092896,0.7891324081440707,-0.0181671196882954,0.7888023639063019
Frozen phase-selective fusion seed 123,U10,Low member disagreement,120,1.0720760623409846,1.149347083444551,-0.040574174744006805,1.1477008197883938
Frozen phase-selective fusion seed 123,U10,Low member disagreement,168,1.2251216805283005,1.5009231321004874,-0.03571468501342762,1.4996475933748792
Frozen phase-selective fusion seed 123,U10,Middle member disagreement,Equal-lead average,1.5885545184357086,2.5684526368053073,0.0007463735535029984,2.5683761591836975
Frozen phase-selective fusion seed 123,U10,Middle member disagreement,72,1.3163692544421939,1.7328280140406973,0.01241591801177274,1.7326738590206223
Frozen phase-selective fusion seed 123,U10,Middle member disagreement,120,1.6157565875135984,2.610669350093589,-0.008515806047940184,2.610596831140943
Frozen phase-selective fusion seed 123,U10,Middle member disagreement,168,1.8335377133513333,3.361860546281636,-0.0016609913033235617,3.361857787389526
Frozen phase-selective fusion seed 123,U10,High member disagreement,Equal-lead average,3.1374472506812783,10.029573912197625,0.018730753808952675,10.02800899022125
Frozen phase-selective fusion seed 123,U10,High member disagreement,72,2.5839883995005315,6.676996048753318,0.06126206819477619,6.6732430077538165
Frozen phase-selective fusion seed 123,U10,High member disagreement,120,3.1922296845767053,10.190330359092693,0.01901589079269152,10.189968754990053
Frozen phase-selective fusion seed 123,U10,High member disagreement,168,3.636123667966598,13.221395328746866,-0.024085697560609683,13.220815207919884
Frozen phase-selective fusion seed 123,U10,All grid cells,Equal-lead average,2.043164924448522,4.459473509035443,-0.009931322166881274,4.4592864193131065
Frozen phase-selective fusion seed 123,U10,All grid cells,72,1.3765579180298149,1.8949117016905788,0.0025564952653367875,1.8949051660225371
Frozen phase-selective fusion seed 123,U10,All grid cells,120,2.069626082058091,4.283352119535123,-0.012209293999376761,4.28320305267516
Frozen phase-selective fusion seed 123,U10,All grid cells,168,2.683310773257661,7.200156705880627,-0.020141167766603848,7.199751039241624
Frozen phase-selective fusion seed 123,V10,Low member disagreement,Equal-lead average,1.116302101041324,1.2648415166450122,0.050435391193360886,1.2620117383381833
Frozen phase-selective fusion seed 123,V10,Low member disagreement,72,0.9379519321145595,0.8797538269574353,0.054487053923047035,0.8767849879122223
Frozen phase-selective fusion seed 123,V10,Low member disagreement,120,1.1405917733040278,1.3009495933288266,0.027994799118533767,1.3001658845511397
Frozen phase-selective fusion seed 123,V10,Low member disagreement,168,1.2703625977053852,1.6138211296487746,0.06882432053850186,1.609084342551188
Frozen phase-selective fusion seed 123,V10,Middle member disagreement,Equal-lead average,1.685169614239219,2.8983846078452995,0.06445727486121124,2.8938922335245447
Frozen phase-selective fusion seed 123,V10,Middle member disagreement,72,1.3747996931305113,1.8900741962317482,0.05768892567690352,1.886746184085993
Frozen phase-selective fusion seed 123,V10,Middle member disagreement,120,1.7153151702506713,2.9423061332920892,0.0461137449192673,2.94017965582161
Frozen phase-selective fusion seed 123,V10,Middle member disagreement,168,1.9653939793364743,3.8627734940120613,0.0895691539874629,3.8547508606660315
Frozen phase-selective fusion seed 123,V10,High member disagreement,Equal-lead average,3.3683876012113494,11.599528802377549,0.06962132062389244,11.592340691073538
Frozen phase-selective fusion seed 123,V10,High member disagreement,72,2.742160307477662,7.519443151905986,0.07404518440454579,7.513960462572483
Frozen phase-selective fusion seed 123,V10,High member disagreement,120,3.3880388347915202,11.478807146055482,0.0082756707730839,11.478738659328737
Frozen phase-selective fusion seed 123,V10,High member disagreement,168,3.974963661364865,15.800336109171173,0.12654310669404764,15.784322951319393
Frozen phase-selective fusion seed 123,V10,All grid cells,Equal-lead average,2.1479132506671244,4.967435690175111,0.06214383376550477,4.96273564157237
Frozen phase-selective fusion seed 123,V10,All grid cells,72,1.4172050980999928,2.00847029008061,0.057885529934474954,2.005119555504815
Frozen phase-selective fusion seed 123,V10,All grid cells,120,2.1521499865964864,4.631749564807256,0.029007011600310585,4.630908158085275
Frozen phase-selective fusion seed 123,V10,All grid cells,168,2.874384667304894,8.262087215637466,0.09953895976172877,8.25217921112702
Frozen phase-selective fusion seed 123,MSL,Low member disagreement,Equal-lead average,105.81276389454665,11458.25702497347,5.377261713004111,11418.009969931933
Frozen phase-selective fusion seed 123,MSL,Low member disagreement,72,84.49960087027075,7140.182547235062,9.219986051287306,7055.17440444913
Frozen phase-selective fusion seed 123,MSL,Low member disagreement,120,109.2453683593045,11934.550507960132,5.889676343833075,11899.862220525025
Frozen phase-selective fusion seed 123,MSL,Low member disagreement,168,123.69332245406468,15300.038019725222,1.022122743891951,15298.993284821641
Frozen phase-selective fusion seed 123,MSL,Middle member disagreement,Equal-lead average,233.64877330387858,56903.56069139583,15.238066041323682,56633.70131805725
Frozen phase-selective fusion seed 123,MSL,Middle member disagreement,72,171.47125663352858,29402.391851481418,8.327413905476625,29333.04602912829
Frozen phase-selective fusion seed 123,MSL,Middle member disagreement,120,240.90091163926922,58033.24922863099,23.240175618636677,57493.14346584592
Frozen phase-selective fusion seed 123,MSL,Middle member disagreement,168,288.57415163883803,83275.04099407508,14.146608599857746,83074.91445919752
Frozen phase-selective fusion seed 123,MSL,High member disagreement,Equal-lead average,422.5415101881128,193477.48126634271,14.581062740886209,193205.83418363737
Frozen phase-selective fusion seed 123,MSL,High member disagreement,72,273.4143668619445,74755.41600651796,3.9730416044592407,74739.6309469272
Frozen phase-selective fusion seed 123,MSL,High member disagreement,120,421.44101181812283,177612.52644228312,17.844986606429238,177294.08289529948
Frozen phase-selective fusion seed 123,MSL,High member disagreement,168,572.7691518842711,328064.50135022716,21.925160011770146,327583.78870868543
Frozen phase-selective fusion seed 123,MSL,All grid cells,Equal-lead average,253.43229263295802,75901.30144105286,10.683076471939069,75785.18198735033
Frozen phase-selective fusion seed 123,MSL,All grid cells,72,123.51088174489662,15254.937909401837,8.719289117936285,15178.911906679674
Frozen phase-selective fusion seed 123,MSL,All grid cells,120,248.74831427107975,61875.72385270386,11.9726235530013,61732.380137961976
Frozen phase-selective fusion seed 123,MSL,All grid cells,168,388.03768188289763,150573.24256105287,11.357316744879626,150444.25391740934
Frozen phase-selective fusion seed 123,Z500,Low member disagreement,Equal-lead average,96.7734979953233,9660.009855467084,-17.116762408889958,9301.42363614874
Frozen phase-selective fusion seed 123,Z500,Low member disagreement,72,74.90419477504449,5610.638394897801,-7.123431642468727,5559.895116532876
Frozen phase-selective fusion seed 123,Z500,Low member disagreement,120,98.56210705586844,9714.48894729247,-17.265335272499907,9416.39714522064
Frozen phase-selective fusion seed 123,Z500,Low member disagreement,168,116.85419215505698,13654.90222421098,-26.96152031170124,12927.978646692702
Frozen phase-selective fusion seed 123,Z500,Middle member disagreement,Equal-lead average,216.84138609403672,49086.90663025101,-15.261500075841605,48797.70665592301
Frozen phase-selective fusion seed 123,Z500,Middle member disagreement,72,157.09868922648948,24679.998156681122,-12.561177664714629,24522.214972356596
Frozen phase-selective fusion seed 123,Z500,Middle member disagreement,120,226.14121322173963,51139.848317400305,-7.725656622300588,51080.16254715461
Frozen phase-selective fusion seed 123,Z500,Middle member disagreement,168,267.2842558338811,71440.87341667162,-25.497665940509602,70790.74244825779
Frozen phase-selective fusion seed 123,Z500,High member disagreement,Equal-lead average,389.9450131004557,170705.56137272643,-10.254831022042174,170541.53311250018
Frozen phase-selective fusion seed 123,Z500,High member disagreement,72,227.8903145880361,51933.99548303406,-19.339672975448007,51559.97253223678
Frozen phase-selective fusion seed 123,Z500,High member disagreement,120,379.9977603308565,144398.29785646708,-10.850433635654149,144280.56594638535
Frozen phase-selective fusion seed 123,Z500,High member disagreement,168,561.9469643824746,315784.3907786781,-0.5743864550243636,315784.0608588784
Frozen phase-selective fusion seed 123,Z500,All grid cells,Equal-lead average,247.3348036135607,74276.34537180315,-12.718128745767293,74107.69514990017
Frozen phase-selective fusion seed 123,Z500,All grid cells,72,112.97153813210525,12762.568427933711,-9.070221522584418,12680.299509464958
Frozen phase-selective fusion seed 123,Z500,All grid cells,120,236.3330295038786,55853.30083448116,-13.934863836647843,55659.12040433525
Frozen phase-selective fusion seed 123,Z500,All grid cells,168,392.69984320469825,154213.1668529946,-15.149300878069619,153983.6655359003
Frozen phase-selective fusion seed 123,T850,Low member disagreement,Equal-lead average,0.7749086076417475,0.6074148522328405,0.038888754506029695,0.6057805071134208
Frozen phase-selective fusion seed 123,T850,Low member disagreement,72,0.667213966571385,0.4451744771879213,0.049304195001105236,0.4427435735432143
Frozen phase-selective fusion seed 123,T850,Low member disagreement,120,0.7875412309574009,0.6202211904578983,0.043763384582410074,0.6183059566277903
Frozen phase-selective fusion seed 123,T850,Low member disagreement,168,0.8699706253964565,0.7568488890527018,0.02359868393457377,0.7562919911692578
Frozen phase-selective fusion seed 123,T850,Middle member disagreement,Equal-lead average,1.2529069412053266,1.6133246784181638,0.02337644854227386,1.612354413820226
Frozen phase-selective fusion seed 123,T850,Middle member disagreement,72,0.9998718125504815,0.9997436415329852,0.047128899654935365,0.9975225083503002
Frozen phase-selective fusion seed 123,T850,Middle member disagreement,120,1.2478827616014643,1.5572113867020967,0.026080181039309647,1.5565312108590534
Frozen phase-selective fusion seed 123,T850,Middle member disagreement,168,1.510966249464034,2.2830190070194094,-0.0030797350674234263,2.283009522251324
Frozen phase-selective fusion seed 123,T850,High member disagreement,Equal-lead average,2.175092387853538,4.960853408779232,0.00376029624371176,4.951417067665866
Frozen phase-selective fusion seed 123,T850,High member disagreement,72,1.59447930159174,2.5423642432044833,0.09700573197924402,2.532954131167654
Frozen phase-selective fusion seed 123,T850,High member disagreement,120,2.1622387379059242,4.675276359701003,0.0443858933405143,4.673306252173368
Frozen phase-selective fusion seed 123,T850,High member disagreement,168,2.76855912406295,7.664919623432209,-0.13011073658862304,7.647990819656576
Frozen phase-selective fusion seed 123,T850,All grid cells,Equal-lead average,1.5156634836165626,2.5047515557685567,0.012758701250589177,2.502258180435623
Frozen phase-selective fusion seed 123,T850,All grid cells,72,0.9775291060813422,0.955563153236188,0.055427611789358636,0.9524909330875162
Frozen phase-selective fusion seed 123,T850,All grid cells,120,1.4780024798653248,2.1844913304880498,0.03758060381058404,2.1830790287052815
Frozen phase-selective fusion seed 123,T850,All grid cells,168,2.091458864903021,4.374200183581433,-0.054732111848175155,4.371204579514072
Frozen phase-selective fusion seed 456,T2M,Low member disagreement,Equal-lead average,0.5451047851311496,0.302304577641122,0.007515823468928988,0.30223782150784395
Frozen phase-selective fusion seed 456,T2M,Low member disagreement,72,0.45494056351185214,0.20697091632848158,0.0036710017983710413,0.20695744007427794
Frozen phase-selective fusion seed 456,T2M,Low member disagreement,120,0.5495564128374988,0.30201225089081946,0.00736078249149807,0.3019580697719323
Frozen phase-selective fusion seed 456,T2M,Low member disagreement,168,0.6308173790440978,0.397930565704065,0.011515686116917856,0.3977979546773216
Frozen phase-selective fusion seed 456,T2M,Middle member disagreement,Equal-lead average,0.8691878612694602,0.7586338942997638,-0.00859501895831497,0.7585424977111218
Frozen phase-selective fusion seed 456,T2M,Middle member disagreement,72,0.8068495901548651,0.6510062611330738,-0.008859945759804748,0.6509277624942071
Frozen phase-selective fusion seed 456,T2M,Middle member disagreement,120,0.8578718329667633,0.7359440817977542,-0.013584148763274745,0.7357595527001314
Frozen phase-selective fusion seed 456,T2M,Middle member disagreement,168,0.9428421606867522,0.8889513399684635,-0.003340962351865418,0.8889401779390269
Frozen phase-selective fusion seed 456,T2M,High member disagreement,Equal-lead average,2.051424463066624,4.3614649934030005,-0.04398196895979928,4.357651591123357
Frozen phase-selective fusion seed 456,T2M,High member disagreement,72,1.5748143543743267,2.480040250743427,0.014915838222841177,2.479817768513537
Frozen phase-selective fusion seed 456,T2M,High member disagreement,120,2.046180545291236,4.186854823928339,-0.058707786566813774,4.183408219724765
Frozen phase-selective fusion seed 456,T2M,High member disagreement,168,2.53327848953431,6.417499905537236,-0.08815395853542524,6.409728785131771
Frozen phase-selective fusion seed 456,T2M,All grid cells,Equal-lead average,1.2780609494507302,1.7352323651697459,-0.016210823606946017,1.7347799765351368
Frozen phase-selective fusion seed 456,T2M,All grid cells,72,0.9006304468122659,0.8111352017252618,0.002007938184766978,0.811131169909508
Frozen phase-selective fusion seed 456,T2M,All grid cells,120,1.2526535169019897,1.5691408334069232,-0.01936585416265041,1.5687657970994742
Frozen phase-selective fusion seed 456,T2M,All grid cells,168,1.6808988846379347,2.8254210603770527,-0.03127455484295461,2.824442962596428
Frozen phase-selective fusion seed 456,U10,Low member disagreement,Equal-lead average,1.0618183082753514,1.146418321444772,-0.032762733005096106,1.1452590745397921
Frozen phase-selective fusion seed 456,U10,Low member disagreement,72,0.8882690894278894,0.7890219752330517,-0.02008464010282543,0.7886185824649917
Frozen phase-selective fusion seed 456,U10,Low member disagreement,120,1.0721023695108143,1.1494034907107027,-0.04196967359591754,1.1476420372089549
Frozen phase-selective fusion seed 456,U10,Low member disagreement,168,1.22508346588735,1.500829498390562,-0.036233885316545346,1.4995166039454293
Frozen phase-selective fusion seed 456,U10,Middle member disagreement,Equal-lead average,1.5885254034238068,2.5683186402219076,-0.0006351642021508386,2.5682455507569206
Frozen phase-selective fusion seed 456,U10,Middle member disagreement,72,1.3163920593673988,1.7328880539655414,0.010444010004953585,1.7327789766205577
Frozen phase-selective fusion seed 456,U10,Middle member disagreement,120,1.6158901590097654,2.611101005984605,-0.010293971049886132,2.610995040144629
Frozen phase-selective fusion seed 456,U10,Middle member disagreement,168,1.833293991894256,3.360966860715576,-0.002055531561519968,3.3609626355055755
Frozen phase-selective fusion seed 456,U10,High member disagreement,Equal-lead average,3.138559985226815,10.03641652123907,0.017192942509806578,10.034935728897201
Frozen phase-selective fusion seed 456,U10,High member disagreement,72,2.5850593315168195,6.682531747462186,0.05987337846863491,6.678946926012938
Frozen phase-selective fusion seed 456,U10,High member disagreement,120,3.1939183964319,10.201114723066118,0.0161401071697948,10.200854220006665
Frozen phase-selective fusion seed 456,U10,High member disagreement,168,3.636702227731727,13.225603093188907,-0.024434658109009966,13.225006040672003
Frozen phase-selective fusion seed 456,U10,All grid cells,Equal-lead average,2.0436130898908798,4.461327008330148,-0.011340566120506749,4.4611192113815585
Frozen phase-selective fusion seed 456,U10,All grid cells,72,1.3768161702537511,1.8956227666722063,0.0006930362074694328,1.8956222863730214
Frozen phase-selective fusion seed 456,U10,All grid cells,120,2.0704251480099782,4.286660293512141,-0.014167214585477433,4.286459583543031
Frozen phase-selective fusion seed 456,U10,All grid cells,168,2.6835979514089097,7.2016979648060975,-0.020547519983512248,7.201275764228624
Frozen phase-selective fusion seed 456,V10,Low member disagreement,Equal-lead average,1.1163522609207222,1.2649770651520889,0.04768683430087689,1.2623980934691346
Frozen phase-selective fusion seed 456,V10,Low member disagreement,72,0.9377820888017375,0.87943524607735,0.04974810935475889,0.876960371692977
Frozen phase-selective fusion seed 456,V10,Low member disagreement,120,1.1409336975006916,1.3017297020925997,0.02534376765764617,1.301087395533515
Frozen phase-selective fusion seed 456,V10,Low member disagreement,168,1.2703409964597367,1.613766247286317,0.06796862589022563,1.6091465131809115
Frozen phase-selective fusion seed 456,V10,Middle member disagreement,Equal-lead average,1.68554575950556,2.8995567853117863,0.05930237587547524,2.895632541977566
Frozen phase-selective fusion seed 456,V10,Middle member disagreement,72,1.375221412600732,1.891233933675553,0.05054252989169454,1.8886793863477003
Frozen phase-selective fusion seed 456,V10,Middle member disagreement,120,1.7161586789438108,2.945200611314166,0.04015239983715738,2.9435883961014833
Frozen phase-selective fusion seed 456,V10,Middle member disagreement,168,1.9652571869721376,3.862235810945639,0.08721219789757378,3.854629843483514
Frozen phase-selective fusion seed 456,V10,High member disagreement,Equal-lead average,3.3711469678021877,11.618984723199942,0.0531659817899936,11.613435620315258
Frozen phase-selective fusion seed 456,V10,High member disagreement,72,2.744464913831261,7.532087663250832,0.06241136020566812,7.52819248536811
Frozen phase-selective fusion seed 456,V10,High member disagreement,120,3.389561784626241,11.489129091798628,-0.01485713431660382,11.488908357358525
Frozen phase-selective fusion seed 456,V10,High member disagreement,168,3.9794142049490606,15.835737414550364,0.11194371948091651,15.823206018219143
Frozen phase-selective fusion seed 456,V10,All grid cells,Equal-lead average,2.1492817286346555,4.97425560436624,0.0545461969536846,4.970392316480248
Frozen phase-selective fusion seed 456,V10,All grid cells,72,1.4178131503924563,2.010194129425782,0.05153130292950767,2.0075386542441693
Frozen phase-selective fusion seed 456,V10,All grid cells,120,2.1531033594133686,4.635854076317134,0.01965057766168575,4.635467931114696
Frozen phase-selective fusion seed 456,V10,All grid cells,168,2.8769286760981414,8.276718607355804,0.0924567102698604,8.268170364081879
Frozen phase-selective fusion seed 456,MSL,Low member disagreement,Equal-lead average,105.80834924146863,11457.324398560353,5.437852022194143,11416.267976124975
Frozen phase-selective fusion seed 456,MSL,Low member disagreement,72,84.4967717514753,7139.704436420912,9.312513074580288,7052.981536656684
Frozen phase-selective fusion seed 456,MSL,Low member disagreement,120,109.2364867289929,11932.61003289344,5.943784279040908,11897.281461337667
Frozen phase-selective fusion seed 456,MSL,Low member disagreement,168,123.69178924393769,15299.6587263667,1.0572587129612339,15298.540930380568
Frozen phase-selective fusion seed 456,MSL,Middle member disagreement,Equal-lead average,233.57221851956015,56868.40154060238,15.087080378117562,56602.79440640967
Frozen phase-selective fusion seed 456,MSL,Middle member disagreement,72,171.416874242592,29383.744775100604,8.001099717875762,29319.727178405214
Frozen phase-selective fusion seed 456,MSL,Middle member disagreement,120,240.75082586382038,57960.96015411156,23.025792303996543,57430.77304288478
Frozen phase-selective fusion seed 456,MSL,Middle member disagreement,168,288.54895545226805,83260.49969259497,14.234349112480384,83057.882997939
Frozen phase-selective fusion seed 456,MSL,High member disagreement,Equal-lead average,422.45294387661124,193388.95763524598,13.64736746959393,193139.2293164111
Frozen phase-selective fusion seed 456,MSL,High member disagreement,72,273.4868853514022,74795.07645921099,2.788060708581378,74787.30317669625
Frozen phase-selective fusion seed 456,MSL,High member disagreement,120,421.1696427315463,177383.86795861833,16.474500441002395,177112.45879383775
Frozen phase-selective fusion seed 456,MSL,High member disagreement,168,572.7023035468852,327987.9284879086,21.67954125919802,327517.92597869935
Frozen phase-selective fusion seed 456,MSL,All grid cells,Equal-lead average,253.36947733905518,75866.28552640638,10.522284309135893,75753.81237696165
Frozen phase-selective fusion seed 456,MSL,All grid cells,72,123.50881707900777,15254.4278962558,8.658772112142328,15179.453561765786
Frozen phase-selective fusion seed 456,MSL,All grid cells,120,248.60442091710559,61804.1580995294,11.619917658675943,61669.13561313499
Frozen phase-selective fusion seed 456,MSL,All grid cells,168,387.9951940210522,150540.27058343397,11.288163156589407,150412.84795598418
Frozen phase-selective fusion seed 456,Z500,Low member disagreement,Equal-lead average,96.74703481643348,9654.743979982395,-17.067652666889586,9299.500904458891
Frozen phase-selective fusion seed 456,Z500,Low member disagreement,72,74.88458523235059,5607.701105421179,-7.23093446367106,5555.414692203273
Frozen phase-selective fusion seed 456,Z500,Low member disagreement,120,98.5317944468467,9708.51451691565,-17.15520508723622,9414.213455330513
Frozen phase-selective fusion seed 456,Z500,Low member disagreement,168,116.82472477010316,13648.016317610356,-26.816818449761474,12928.874565842889
Frozen phase-selective fusion seed 456,Z500,Middle member disagreement,Equal-lead average,216.78125064079845,49069.550312817206,-15.720775216121167,48768.79337446868
Frozen phase-selective fusion seed 456,Z500,Middle member disagreement,72,156.88858118555112,24614.026906415264,-13.600592439235852,24429.050791717065
Frozen phase-selective fusion seed 456,Z500,Middle member disagreement,120,226.165225720605,51150.70932525222,-8.003061288112502,51086.660335270935
Frozen phase-selective fusion seed 456,Z500,Middle member disagreement,168,267.28994501623913,71443.91470678413,-25.558671921015147,70790.66899641804
Frozen phase-selective fusion seed 456,Z500,High member disagreement,Equal-lead average,389.7478271020134,170617.9849263739,-10.427240609973213,170446.8318125007
Frozen phase-selective fusion seed 456,Z500,High member disagreement,72,227.14272309951855,51593.81665706456,-19.851099181458324,51199.75051835247
Frozen phase-selective fusion seed 456,Z500,High member disagreement,120,380.267068920701,144603.04370554115,-10.914524526328707,144483.91685990532
Frozen phase-selective fusion seed 456,Z500,High member disagreement,168,561.8336892858206,315657.09441651596,-0.5160981221326086,315656.8280592443
Frozen phase-selective fusion seed 456,Z500,All grid cells,Equal-lead average,247.28693192056616,74261.89221324182,-12.785825254244157,74092.310738509
Frozen phase-selective fusion seed 456,Z500,All grid cells,72,112.77773844616881,12718.818289032462,-9.353772577743266,12631.32522759632
Frozen phase-selective fusion seed 456,Z500,All grid cells,120,236.45788168233852,55912.3298096988,-13.934417217064402,55718.16182651958
Frozen phase-selective fusion seed 456,Z500,All grid cells,168,392.62517563319113,154154.5285409942,-15.069285967924804,153927.4451614111
Frozen phase-selective fusion seed 456,T850,Low member disagreement,Equal-lead average,0.7752030211265036,0.6079738041707675,0.04072841299028588,0.6062282148013834
Frozen phase-selective fusion seed 456,T850,Low member disagreement,72,0.6671478939566653,0.4450863124108139,0.05014978027704427,0.4425713119489781
Frozen phase-selective fusion seed 456,T850,Low member disagreement,120,0.7868727350269097,0.6191687011287292,0.04399312876331484,0.6172333057503436
Frozen phase-selective fusion seed 456,T850,Low member disagreement,168,0.8715884343959363,0.7596663989727593,0.028042329930498537,0.7588800267048285
Frozen phase-selective fusion seed 456,T850,Middle member disagreement,Equal-lead average,1.2522459791517477,1.6115801755640675,0.022122439730948667,1.6106752231423471
Frozen phase-selective fusion seed 456,T850,Middle member disagreement,72,0.999835827148328,0.9996716812493812,0.04756398674897818,0.9974093484139243
Frozen phase-selective fusion seed 456,T850,Middle member disagreement,120,1.2465150431334986,1.553799752758108,0.021143509650620434,1.5533527047577622
Frozen phase-selective fusion seed 456,T850,Middle member disagreement,168,1.5103870671734163,2.281269092684714,-0.002340177206752607,2.2812636162553552
Frozen phase-selective fusion seed 456,T850,High member disagreement,Equal-lead average,2.1719339040097254,4.943101289324373,-0.01177522349892724,4.932193155447657
Frozen phase-selective fusion seed 456,T850,High member disagreement,72,1.5959957177114832,2.5472023309533927,0.0975903244820503,2.537678459520881
Frozen phase-selective fusion seed 456,T850,High member disagreement,120,2.1600229993617504,4.665699357771732,0.01829812127798287,4.665364536529428
Frozen phase-selective fusion seed 456,T850,High member disagreement,168,2.759782994955943,7.616402179247993,-0.15121411625681488,7.593536470292664
Frozen phase-selective fusion seed 456,T850,All grid cells,Equal-lead average,1.5135060742260256,2.4961170730746844,0.006993260836410206,2.493480711600471
Frozen phase-selective fusion seed 456,T850,All grid cells,72,0.9778531102594131,0.956196705244008,0.05608301732632869,0.9530514004115828
Frozen phase-selective fusion seed 456,T850,All grid cells,120,1.4764857402857414,2.1800101412671338,0.027987711983214727,2.1792268292450783
Frozen phase-selective fusion seed 456,T850,All grid cells,168,2.086179372132922,4.352144372712911,-0.0630909468003128,4.348163905144752
Frozen phase-selective fusion seed 789,T2M,Low member disagreement,Equal-lead average,0.5447176974937065,0.3018712627883076,0.008636130275500765,0.30179497422272866
Frozen phase-selective fusion seed 789,T2M,Low member disagreement,72,0.4547381801581724,0.20678681249356645,0.008419673605212438,0.20671592158994814
Frozen phase-selective fusion seed 789,T2M,Low member disagreement,120,0.5489814929040859,0.3013806795511989,0.007155777782443353,0.3013294743955272
Frozen phase-selective fusion seed 789,T2M,Low member disagreement,168,0.630433419418861,0.39744629632015743,0.010332939438846507,0.39733952668271055
Frozen phase-selective fusion seed 789,T2M,Middle member disagreement,Equal-lead average,0.8695258849156985,0.7592346035120792,-0.009717598599748705,0.7591036036412205
Frozen phase-selective fusion seed 789,T2M,Middle member disagreement,72,0.8066277806867346,0.6506483765756068,-0.0027699710194204123,0.6506407038361584
Frozen phase-selective fusion seed 789,T2M,Middle member disagreement,120,0.8588812341308427,0.7376769743421194,-0.017509985733407035,0.7373703747417353
Frozen phase-selective fusion seed 789,T2M,Middle member disagreement,168,0.9430686399295183,0.8893784596185114,-0.008872839046418664,0.8892997323457678
Frozen phase-selective fusion seed 789,T2M,High member disagreement,Equal-lead average,2.06127429751031,4.40939141260311,-0.060699293786335984,4.401242094877355
Frozen phase-selective fusion seed 789,T2M,High member disagreement,72,1.5749831614291303,2.4805719587852977,0.026326979207780158,2.479878848951091
Frozen phase-selective fusion seed 789,T2M,High member disagreement,120,2.0525265890102444,4.21286539859403,-0.07231899763717599,4.207635361174784
Frozen phase-selective fusion seed 789,T2M,High member disagreement,168,2.5563131420915557,6.534736880430002,-0.13610586292961213,6.516212074506188
Frozen phase-selective fusion seed 789,T2M,All grid cells,Equal-lead average,1.2833934139917844,1.7523542251909852,-0.022592008702684213,1.75124012624696
Frozen phase-selective fusion seed 789,T2M,All grid cells,72,0.9005788681369203,0.8110422977347767,0.008540018914743049,0.8109693658117125
Frozen phase-selective fusion seed 789,T2M,All grid cells,120,1.2557730110841847,1.57696585536744,-0.02479210419185291,1.5763512069371803
Frozen phase-selective fusion seed 789,T2M,All grid cells,168,1.6938283627542485,2.8690545224707384,-0.05152394083094277,2.8663998059919877
Frozen phase-selective fusion seed 789,U10,Low member disagreement,Equal-lead average,1.0617829478155325,1.1463264230760115,-0.030808812413913728,1.1452793620386867
Frozen phase-selective fusion seed 789,U10,Low member disagreement,72,0.8882740262709347,0.7890307457475771,-0.01706286378688787,0.7887396044269672
Frozen phase-selective fusion seed 789,U10,Low member disagreement,120,1.0721431495458247,1.1494909331180407,-0.03994095575847038,1.1478956531711406
Frozen phase-selective fusion seed 789,U10,Low member disagreement,168,1.2249316676298383,1.5004575903624167,-0.035422617696382934,1.4992028285179526
Frozen phase-selective fusion seed 789,U10,Middle member disagreement,Equal-lead average,1.5885313841204967,2.568407487055079,0.0025378560612038573,2.568321646534284
Frozen phase-selective fusion seed 789,U10,Middle member disagreement,72,1.3161442337049392,1.7322356439147617,0.014616501119181929,1.7320220018097947
Frozen phase-selective fusion seed 789,U10,Middle member disagreement,120,1.616017906680729,2.6115138747127653,-0.006612649728831772,2.611470147576329
Frozen phase-selective fusion seed 789,U10,Middle member disagreement,168,1.8334320119758216,3.3614729425377092,-0.00039028320673858643,3.3614727902167276
Frozen phase-selective fusion seed 789,U10,High member disagreement,Equal-lead average,3.1380019446883964,10.033427789291318,0.024329726465923476,10.031674611284046
Frozen phase-selective fusion seed 789,U10,High member disagreement,72,2.583827608408784,6.676165109975457,0.06598973857288862,6.671810464378539
Frozen phase-selective fusion seed 789,U10,High member disagreement,120,3.193220952896397,10.196660054016574,0.024480572861351014,10.196060755568954
Frozen phase-selective fusion seed 789,U10,High member disagreement,168,3.636957272760009,13.227458203881923,-0.0174811320364692,13.227152613904646
Frozen phase-selective fusion seed 789,U10,All grid cells,Equal-lead average,2.043447182541567,4.460886464833473,-0.0073370342814674605,4.4607541769091545
Frozen phase-selective fusion seed 789,U10,All grid cells,72,1.3764270756484522,1.89455149457815,0.004508937682552544,1.894531164059125
Frozen phase-selective fusion seed 789,U10,All grid cells,120,2.0701539631163564,4.285537431006357,-0.009733195972767762,4.285442695902513
Frozen phase-selective fusion seed 789,U10,All grid cells,168,2.6837605088598933,7.202570468915913,-0.016786844554187164,7.202288670765826
Frozen phase-selective fusion seed 789,V10,Low member disagreement,Equal-lead average,1.1161184674845408,1.2644354805611668,0.04767295455236705,1.261860128477349
Frozen phase-selective fusion seed 789,V10,Low member disagreement,72,0.9376753388114751,0.8792350410152147,0.04952429206859308,0.8767823855103194
Frozen phase-selective fusion seed 789,V10,Low member disagreement,120,1.1406012642724406,1.3009712440598897,0.025501306312258182,1.3003209274362582
Frozen phase-selective fusion seed 789,V10,Low member disagreement,168,1.2700787993697067,1.6131001566083958,0.0679932652762499,1.6084770724854693
Frozen phase-selective fusion seed 789,V10,Middle member disagreement,Equal-lead average,1.6852637347697916,2.8986206936149017,0.06046507472868603,2.8945783393041187
Frozen phase-selective fusion seed 789,V10,Middle member disagreement,72,1.3749197657684993,1.890404362300905,0.051081315148223595,1.887795061543633
Frozen phase-selective fusion seed 789,V10,Middle member disagreement,120,1.7158354684464279,2.9440913547787724,0.04249746720438182,2.9422853200599848
Frozen phase-selective fusion seed 789,V10,Middle member disagreement,168,1.9650359700944477,3.8613663637650273,0.08781644183345266,3.853654636308739
Frozen phase-selective fusion seed 789,V10,High member disagreement,Equal-lead average,3.3730419017694966,11.628703690494012,0.06314270419649382,11.62208189371748
Frozen phase-selective fusion seed 789,V10,High member disagreement,72,2.7485248485047786,7.554388842848216,0.06648140387112066,7.549969065787542
Frozen phase-selective fusion seed 789,V10,High member disagreement,120,3.3947460157043214,11.524300511140364,-0.0013265926016928023,11.524298751292433
Frozen phase-selective fusion seed 789,V10,High member disagreement,168,3.9758548410993897,15.807421717493455,0.12427330132005361,15.79197786407247
Frozen phase-selective fusion seed 789,V10,All grid cells,Equal-lead average,2.1495237755836367,4.973871043761773,0.058027611517890536,4.969582818984446
Frozen phase-selective fusion seed 789,V10,All grid cells,72,1.4186248838926012,2.0124965611992964,0.05207306235460183,2.00978495737631
Frozen phase-selective fusion seed 789,V10,All grid cells,120,2.1551566285137165,4.644700093426609,0.024195388324095134,4.644114676610455
Frozen phase-selective fusion seed 789,V10,All grid cells,168,2.874789814344592,8.264416476659415,0.09781438387497464,8.254848822966574
Frozen phase-selective fusion seed 789,MSL,Low member disagreement,Equal-lead average,105.7944536698563,11454.763837824015,5.395510244153712,11414.471329768903
Frozen phase-selective fusion seed 789,MSL,Low member disagreement,72,84.4646004184348,7134.268723845856,9.194369167936147,7049.732299449561
Frozen phase-selective fusion seed 789,MSL,Low member disagreement,120,109.23275342090533,11931.794419912305,5.934926625774199,11896.571065858981
Frozen phase-selective fusion seed 789,MSL,Low member disagreement,168,123.68600717022878,15298.228369713885,1.0572349387507933,15297.11062399817
Frozen phase-selective fusion seed 789,MSL,Middle member disagreement,Equal-lead average,233.5887377222306,56875.52894805203,15.095846619449048,56607.71812669248
Frozen phase-selective fusion seed 789,MSL,Middle member disagreement,72,171.41695687425684,29383.773104030828,7.794202329103433,29323.023514083827
Frozen phase-selective fusion seed 789,MSL,Middle member disagreement,120,240.8261882449558,57997.25294459488,23.20804156852043,57458.63975114871
Frozen phase-selective fusion seed 789,MSL,Middle member disagreement,168,288.5230680474793,83245.56079553037,14.285295960723278,83041.49111484492
Frozen phase-selective fusion seed 789,MSL,High member disagreement,Equal-lead average,422.5073902765248,193438.60728906025,14.23937883561741,193171.90486851204
Frozen phase-selective fusion seed 789,MSL,High member disagreement,72,273.4274164820987,74762.55208407507,3.2150867403003374,74752.21530132741
Frozen phase-selective fusion seed 789,MSL,High member disagreement,120,421.4131274170251,177589.02395939783,17.569208628972834,177280.34686754947
Frozen phase-selective fusion seed 789,MSL,High member disagreement,168,572.6816269304505,327964.2458237078,21.933841137579066,327483.1524366592
Frozen phase-selective fusion seed 789,MSL,All grid cells,Equal-lead average,253.39411607971942,75879.24315329811,10.628437559515405,75764.10371129098
Frozen phase-selective fusion seed 789,MSL,All grid cells,72,123.4826441877731,15247.963415604174,8.564610011669076,15174.610870952192
Frozen phase-selective fusion seed 789,MSL,All grid cells,120,248.72044202270092,61861.858279967724,11.923215301086993,61719.69521685165
Frozen phase-selective fusion seed 789,MSL,All grid cells,168,387.9792620286843,150527.90776432244,11.397487365790147,150398.0050460691
Frozen phase-selective fusion seed 789,Z500,Low member disagreement,Equal-lead average,96.83154511456651,9671.78760132682,-17.38302710589949,9303.869111450798
Frozen phase-selective fusion seed 789,Z500,Low member disagreement,72,74.94224753036303,5616.340464902204,-7.383600476924228,5561.8229088993685
Frozen phase-selective fusion seed 789,Z500,Low member disagreement,120,98.62178532220057,9726.256540138214,-17.5214763783725,9419.25440566035
Frozen phase-selective fusion seed 789,Z500,Low member disagreement,168,116.93060249113591,13672.765798940041,-27.24400446240175,12930.530019792675
Frozen phase-selective fusion seed 789,Z500,Middle member disagreement,Equal-lead average,216.8433669562412,49088.463193919706,-15.450500269723085,48793.78181902678
Frozen phase-selective fusion seed 789,Z500,Middle member disagreement,72,157.0991227292078,24680.134362286695,-12.84696453288471,24515.089864577498
Frozen phase-selective fusion seed 789,Z500,Middle member disagreement,120,226.1219205881571,51131.122970476834,-7.871878185410855,51069.156504310886
Frozen phase-selective fusion seed 789,Z500,Middle member disagreement,168,267.30905755135865,71454.13224899558,-25.63265809087369,70797.09908819194
Frozen phase-selective fusion seed 789,Z500,High member disagreement,Equal-lead average,389.86988704315854,170671.85735573768,-10.57049380692794,170500.55932614245
Frozen phase-selective fusion seed 789,Z500,High member disagreement,72,227.7142222620489,51853.76702040981,-19.579615153855947,51470.405690836706
Frozen phase-selective fusion seed 789,Z500,High member disagreement,120,379.9029607510411,144326.25958740708,-11.401739991533436,144196.25991257254
Frozen phase-selective fusion seed 789,Z500,High member disagreement,168,561.9924781163857,315835.54545939615,-0.7301262753944394,315835.01237501815
Frozen phase-selective fusion seed 789,Z500,All grid cells,Equal-lead average,247.33233335858924,74280.55929149722,-12.983748567417209,74105.11529081827
Frozen phase-selective fusion seed 789,Z500,All grid cells,72,112.95764535046212,12759.429643120777,-9.332307816390367,12672.337673940916
Frozen phase-selective fusion seed 789,Z500,All grid cells,120,236.29885745274504,55837.150033472724,-14.262069585186074,55633.743404620036
Frozen phase-selective fusion seed 789,Z500,All grid cells,168,392.74049727256056,154245.09819789816,-15.356868300675181,154009.26479389388
Frozen phase-selective fusion seed 789,T850,Low member disagreement,Equal-lead average,0.7743333489166023,0.606483415833366,0.037246639870400854,0.6050239356179848
Frozen phase-selective fusion seed 789,T850,Low member disagreement,72,0.6670145321796352,0.4449083861388177,0.045571326363736314,0.4428316403522676
Frozen phase-selective fusion seed 789,T850,Low member disagreement,120,0.78677474466826,0.6190144988478058,0.040586079525791026,0.6173672689965319
Frozen phase-selective fusion seed 789,T850,Low member disagreement,168,0.8692107699019119,0.7555273625134744,0.025582513721675214,0.7548728975051547
Frozen phase-selective fusion seed 789,T850,Middle member disagreement,Equal-lead average,1.252416679504167,1.6120019781911863,0.017069138990567462,1.6114118001244726
Frozen phase-selective fusion seed 789,T850,Middle member disagreement,72,0.9998821207703331,0.999764255436179,0.03960679864287597,0.9981955569374417
Frozen phase-selective fusion seed 789,T850,Middle member disagreement,120,1.2469593175914575,1.5549075397281535,0.0140023981848518,1.5547114725732265
Frozen phase-selective fusion seed 789,T850,Middle member disagreement,168,1.5104086001507098,2.2813341394092266,-0.002401779856025383,2.2813283708627496
Frozen phase-selective fusion seed 789,T850,High member disagreement,Equal-lead average,2.1778707498026857,4.975850663420029,-0.023910636723480778,4.965497057947192
Frozen phase-selective fusion seed 789,T850,High member disagreement,72,1.5953766133940306,2.5452265385646062,0.08327700836884253,2.538291478441742
Frozen phase-selective fusion seed 789,T850,High member disagreement,120,2.1615142961675726,4.6721440525367965,0.0003154414058458065,4.672143953033516
Frozen phase-selective fusion seed 789,T850,High member disagreement,168,2.7767213398464534,7.7101813991586825,-0.15532435994513066,7.686055742366318
Frozen phase-selective fusion seed 789,T850,All grid cells,Equal-lead average,1.517052410906097,2.510759404073935,0.0006890057579238736,2.5084119640451408
Frozen phase-selective fusion seed 789,T850,All grid cells,72,0.977679861400245,0.9558579113876022,0.04883700538978324,0.9534728582921606
Frozen phase-selective fusion seed 789,T850,All grid cells,120,1.4772632915053516,2.182306832429225,0.018826089182990658,2.1819524107952994
Frozen phase-selective fusion seed 789,T850,All grid cells,168,2.0962140798126936,4.394113468404978,-0.06559607729900228,4.389810623047961
Frozen phase-selective fusion mean of three seed metrics,T2M,Low member disagreement,Equal-lead average,0.5449678153326597,0.30214392465027573,0.012935772319708291,0.3019202065754338
Frozen phase-selective fusion mean of three seed metrics,T2M,Low member disagreement,72,0.45494147451517036,0.20697177291045565,0.009990609945354887,0.2068370719632356
Frozen phase-selective fusion mean of three seed metrics,T2M,Low member disagreement,120,0.5493313457211616,0.30176499026637965,0.01242832893596871,0.30155706109258246
Frozen phase-selective fusion mean of three seed metrics,T2M,Low member disagreement,168,0.630630625761647,0.3976950107739919,0.016388378077801274,0.3973664866704832
Frozen phase-selective fusion mean of three seed metrics,T2M,Middle member disagreement,Equal-lead average,0.8692010052587572,0.758659654644819,-0.004906946920375267,0.7585761209805245
Frozen phase-selective fusion mean of three seed metrics,T2M,Middle member disagreement,72,0.806640904082947,0.6506695754620409,-0.0019783898453248935,0.6506300416205476
Frozen phase-selective fusion mean of three seed metrics,T2M,Middle member disagreement,120,0.858191521310465,0.7364929255233453,-0.010995131362030756,0.7363280236697315
Frozen phase-selective fusion mean of three seed metrics,T2M,Middle member disagreement,168,0.9427705903828597,0.8888164629490708,-0.001747319553770152,0.8887702976512942
Frozen phase-selective fusion mean of three seed metrics,T2M,High member disagreement,Equal-lead average,2.0572732548719466,4.389227878072648,-0.04538841923537507,4.383860358240201
Frozen phase-selective fusion mean of three seed metrics,T2M,High member disagreement,72,1.5750107011533714,2.480658738559521,0.026672403104499146,2.4798523900495266
Frozen phase-selective fusion mean of three seed metrics,T2M,High member disagreement,120,2.051837536622282,4.210056328946013,-0.05523044398240606,4.206763571448326
Frozen phase-selective fusion mean of three seed metrics,T2M,High member disagreement,168,2.5449715268401873,6.476968566712409,-0.10760721682821832,6.464965113222752
Frozen phase-selective fusion mean of three seed metrics,T2M,All grid cells,Equal-lead average,1.281129738076704,1.7448075339784055,-0.014263989150033395,1.7441641957840222
Frozen phase-selective fusion mean of three seed metrics,T2M,All grid cells,72,0.9006417109673284,0.8111554947234726,0.009614672996655868,0.8110182581836335
Frozen phase-selective fusion mean of three seed metrics,T2M,All grid cells,120,1.255325483212154,1.5758461647390032,-0.015695086089107885,1.5755134134648403
Frozen phase-selective fusion mean of three seed metrics,T2M,All grid cells,168,1.6874220200506291,2.847420942472741,-0.03671155435764816,2.8459609157035928
Frozen phase-selective fusion mean of three seed metrics,U10,Low member disagreement,Equal-lead average,1.061814751139025,1.1464040952501622,-0.031685623966973255,1.1453073429783345
Frozen phase-selective fusion mean of three seed metrics,U10,Low member disagreement,72,0.8882914549360379,0.7890617097082332,-0.018438207859336236,0.7887201835994203
Frozen phase-selective fusion mean of three seed metrics,U10,Low member disagreement,120,1.072107193799208,1.1494138357577648,-0.04082826803279824,1.1477461700561629
Frozen phase-selective fusion mean of three seed metrics,U10,Low member disagreement,168,1.2250456046818297,1.5007367402844887,-0.0357903960087853,1.4994556752794204
Frozen phase-selective fusion mean of three seed metrics,U10,Middle member disagreement,Equal-lead average,1.5885371019933372,2.568392921360765,0.000883021804185339,2.5683144521583006
Frozen phase-selective fusion mean of three seed metrics,U10,Middle member disagreement,72,1.3163018491715108,1.7326505706403335,0.01249214304530275,1.7324916124836582
Frozen phase-selective fusion mean of three seed metrics,U10,Middle member disagreement,120,1.6158882177346976,2.6110947435969862,-0.008474142275552696,2.6110206729539667
Frozen phase-selective fusion mean of three seed metrics,U10,Middle member disagreement,168,1.8334212390738036,3.3614334498449736,-0.0013689353571940388,3.3614310710372766
Frozen phase-selective fusion mean of three seed metrics,U10,High member disagreement,Equal-lead average,3.13800306019883,10.033139407576003,0.02008447426156091,10.031539776800832
Frozen phase-selective fusion mean of three seed metrics,U10,High member disagreement,72,2.5842917798087117,6.678564302063653,0.062375061745433245,6.6746667993817645
Frozen phase-selective fusion mean of three seed metrics,U10,High member disagreement,120,3.193123011301667,10.196035045391795,0.01987885694127911,10.195627910188557
Frozen phase-selective fusion mean of three seed metrics,U10,High member disagreement,168,3.6365943894861115,13.224818875272566,-0.022000495902029616,13.224324620832178
Frozen phase-selective fusion mean of three seed metrics,U10,All grid cells,Equal-lead average,2.043408398960323,4.460562327399688,-0.009536307522951827,4.460386602534606
Frozen phase-selective fusion mean of three seed metrics,U10,All grid cells,72,1.3766003879773396,1.895028654313645,0.002586156385119588,1.8950195388182278
Frozen phase-selective fusion mean of three seed metrics,U10,All grid cells,120,2.0700683977281416,4.285183281351207,-0.012036568185873986,4.285035110706901
Frozen phase-selective fusion mean of three seed metrics,U10,All grid cells,168,2.6835564111754877,7.201475046534212,-0.019158510768101086,7.2011051580786924
Frozen phase-selective fusion mean of three seed metrics,V10,Low member disagreement,Equal-lead average,1.116257609815529,1.2647513541194224,0.04859839334886828,1.2620899867615556
Frozen phase-selective fusion mean of three seed metrics,V10,Low member disagreement,72,0.9378031199092574,0.8794747046833334,0.051253151782133,0.8768425817051728
Frozen phase-selective fusion mean of three seed metrics,V10,Low member disagreement,120,1.1407089116923868,1.301216846493772,0.02627995769614604,1.3005247358403043
Frozen phase-selective fusion mean of three seed metrics,V10,Low member disagreement,168,1.270260797844943,1.6135625111811625,0.0682620705683258,1.6089026427391897
Frozen phase-selective fusion mean of three seed metrics,V10,Middle member disagreement,Equal-lead average,1.6853263695048568,2.8988540289239957,0.06140824182179083,2.894701038268743
Frozen phase-selective fusion mean of three seed metrics,V10,Middle member disagreement,72,1.3749802904999144,1.8905708307360687,0.05310425690560722,1.8877402106591088
Frozen phase-selective fusion mean of three seed metrics,V10,Middle member disagreement,120,1.71576977254697,2.9438660331283426,0.042921203986935504,2.9420177906610263
Frozen phase-selective fusion mean of three seed metrics,V10,Middle member disagreement,168,1.9652290454676866,3.8621252229075758,0.08819926457282978,3.854345113486095
Frozen phase-selective fusion mean of three seed metrics,V10,High member disagreement,Equal-lead average,3.370858823594345,11.615739072023835,0.061976668870126615,11.609286068368759
Frozen phase-selective fusion mean of three seed metrics,V10,High member disagreement,72,2.7450500232712343,7.535306552668345,0.06764598282711153,7.530707337909379
Frozen phase-selective fusion mean of three seed metrics,V10,High member disagreement,120,3.3907822117073607,11.497412249664825,-0.002636018715070908,11.49731525599323
Frozen phase-selective fusion mean of three seed metrics,V10,High member disagreement,168,3.9767442358044387,15.81449841373833,0.12092004249833925,15.799835611203669
Frozen phase-selective fusion mean of three seed metrics,V10,All grid cells,Equal-lead average,2.1489062516284725,4.971854112767708,0.05823921407902664,4.967570259012355
Frozen phase-selective fusion mean of three seed metrics,V10,All grid cells,72,1.4178810441283503,2.0103869935685625,0.05382996507286148,2.0074810557084315
Frozen phase-selective fusion mean of three seed metrics,V10,All grid cells,120,2.153469991507857,4.637434578183666,0.024284325862030488,4.636830255270142
Frozen phase-selective fusion mean of three seed metrics,V10,All grid cells,168,2.875367719249209,8.267740766550894,0.09660335130218795,8.25839946605849
Frozen phase-selective fusion mean of three seed metrics,MSL,Low member disagreement,Equal-lead average,105.80518893529052,11456.781753785946,5.403541326450655,11416.249758608603
Frozen phase-selective fusion mean of three seed metrics,MSL,Low member disagreement,72,84.48699101339362,7138.051902500611,9.242289431267913,7052.629413518458
Frozen phase-selective fusion mean of three seed metrics,MSL,Low member disagreement,120,109.2382028364009,11932.98498692196,5.922795749549394,11897.904915907224
Frozen phase-selective fusion mean of three seed metrics,MSL,Low member disagreement,168,123.69037295607706,15299.308371935267,1.0455387985346594,15298.214946400127
Frozen phase-selective fusion mean of three seed metrics,MSL,Middle member disagreement,Equal-lead average,233.60324318188978,56882.49706001675,15.140331012963431,56614.73795038647
Frozen phase-selective fusion mean of three seed metrics,MSL,Middle member disagreement,72,171.4350292501258,29389.969910204283,8.040905317485274,29325.265573872446
Frozen phase-selective fusion mean of three seed metrics,MSL,Middle member disagreement,120,240.8259752493485,57997.15410911248,23.158003163717883,57460.852086626466
Frozen phase-selective fusion mean of three seed metrics,MSL,Middle member disagreement,168,288.5487250461951,83260.36716073348,14.222084557687134,83058.09619066048
Frozen phase-selective fusion mean of three seed metrics,MSL,High member disagreement,Equal-lead average,422.5006147804163,193435.01539688298,14.155936348699184,193172.32278952017
Frozen phase-selective fusion mean of three seed metrics,MSL,High member disagreement,72,273.44288956514845,74771.01484993467,3.325396351113652,74759.71647498362
Frozen phase-selective fusion mean of three seed metrics,MSL,High member disagreement,120,421.3412606555648,177528.47278676645,17.296231892134823,177228.9628522289
Frozen phase-selective fusion mean of three seed metrics,MSL,High member disagreement,168,572.7176941205356,328005.5585539479,21.846180802849076,327528.289041348
Frozen phase-selective fusion mean of three seed metrics,MSL,All grid cells,Equal-lead average,253.39862868391086,75882.27670691912,10.611266113530123,75767.69935853432
Frozen phase-selective fusion mean of three seed metrics,MSL,All grid cells,72,123.50078100389248,15252.443073753937,8.647557080582564,15177.658779799218
Frozen phase-selective fusion mean of three seed metrics,MSL,All grid cells,120,248.6910590702954,61847.246744067,11.838585504254745,61707.070322649546
Frozen phase-selective fusion mean of three seed metrics,MSL,All grid cells,168,388.00404597754476,150547.14030293643,11.34765575575306,150418.3689731542
Frozen phase-selective fusion mean of three seed metrics,Z500,Low member disagreement,Equal-lead average,96.78402597544108,9662.180478925433,-17.18914739389301,9301.597884019475
Frozen phase-selective fusion mean of three seed metrics,Z500,Low member disagreement,72,74.91034251258604,5611.559988407062,-7.245988861021338,5559.044239211839
Frozen phase-selective fusion mean of three seed metrics,Z500,Low member disagreement,120,98.57189560830523,9716.420001448778,-17.31400557936954,9416.621668737169
Frozen phase-selective fusion mean of three seed metrics,Z500,Low member disagreement,168,116.86983980543202,13658.56144692046,-27.007447741288157,12929.127744109423
Frozen phase-selective fusion mean of three seed metrics,Z500,Middle member disagreement,Equal-lead average,216.82200123035878,49081.64004566264,-15.477591853895285,48786.76061647283
Frozen phase-selective fusion mean of three seed metrics,Z500,Middle member disagreement,72,157.02879771374947,24658.05314179436,-13.002911545611731,24488.785209550388
Frozen phase-selective fusion mean of three seed metrics,Z500,Middle member disagreement,120,226.14278651016727,51140.560204376445,-7.8668653652746485,51078.6597955788
Frozen phase-selective fusion mean of three seed metrics,Z500,Middle member disagreement,168,267.29441946715957,71446.3067908171,-25.562998650799482,70792.83684428925
Frozen phase-selective fusion mean of three seed metrics,Z500,High member disagreement,Equal-lead average,389.8542424152092,170665.13455161266,-10.417521812981109,170496.30808371445
Frozen phase-selective fusion mean of three seed metrics,Z500,High member disagreement,72,227.58241998320116,51793.85972016948,-19.590129103587426,51410.042913808655
Frozen phase-selective fusion mean of three seed metrics,Z500,High member disagreement,120,380.0559300008662,144442.53371647178,-11.055566051172098,144320.2475729544
Frozen phase-selective fusion mean of three seed metrics,Z500,High member disagreement,168,561.9243772615603,315759.0102181968,-0.6068702841838038,315758.6337643803
Frozen phase-selective fusion mean of three seed metrics,Z500,All grid cells,Equal-lead average,247.3180229642387,74272.93229218073,-12.829234189142886,74101.70705974248
Frozen phase-selective fusion mean of three seed metrics,Z500,All grid cells,72,112.90230730957872,12746.938786695651,-9.252100638906017,12661.320803667397
Frozen phase-selective fusion mean of three seed metrics,Z500,All grid cells,120,236.36325621298738,55867.59355921756,-14.043783546299439,55670.34187849162
Frozen phase-selective fusion mean of three seed metrics,Z500,All grid cells,168,392.68850537015004,154204.26453062895,-15.191818382223202,153973.4584970684
Frozen phase-selective fusion mean of three seed metrics,T850,Low member disagreement,Equal-lead average,0.7748149925616178,0.607290690745658,0.03895460245557214,0.6056775525109298
Frozen phase-selective fusion mean of three seed metrics,T850,Low member disagreement,72,0.6671254642358951,0.44505639191251767,0.04834176721396194,0.44271550861482
Frozen phase-selective fusion mean of three seed metrics,T850,Low member disagreement,120,0.787062903550857,0.6194681301448112,0.042780864290505316,0.617635510458222
Frozen phase-selective fusion mean of three seed metrics,T850,Low member disagreement,168,0.8702566098981016,0.7573475501796452,0.025741175862249176,0.7566816384597471
Frozen phase-selective fusion mean of three seed metrics,T850,Middle member disagreement,Equal-lead average,1.2525231999537472,1.612302277391139,0.020856009087929995,1.6114804790290151
Frozen phase-selective fusion mean of three seed metrics,T850,Middle member disagreement,72,0.9998632534897142,0.9997265260728486,0.04476656168226317,0.9977091379005554
Frozen phase-selective fusion mean of three seed metrics,T850,Middle member disagreement,120,1.2471190407754735,1.5553062263961195,0.02040869629159396,1.5548651293966806
Frozen phase-selective fusion mean of three seed metrics,T850,Middle member disagreement,168,1.5105873055960533,2.28187407970445,-0.002607230710067139,2.2818671697898094
Frozen phase-selective fusion mean of three seed metrics,T850,High member disagreement,Equal-lead average,2.174965680555317,4.959935120507878,-0.010641854659565417,4.949702427020238
Frozen phase-selective fusion mean of three seed metrics,T850,High member disagreement,72,1.5952838775657512,2.5449310375741607,0.09262435494337895,2.5363080230434254
Frozen phase-selective fusion mean of three seed metrics,T850,High member disagreement,120,2.161258677811749,4.671039923336511,0.020999818674780988,4.6702715805787705
Frozen phase-selective fusion mean of three seed metrics,T850,High member disagreement,168,2.7683544862884486,7.663834400612962,-0.14554973759685622,7.642527677438519
Frozen phase-selective fusion mean of three seed metrics,T850,All grid cells,Equal-lead average,1.5154073229162284,2.5038760109723923,0.006813655948307753,2.5013836186937453
Frozen phase-selective fusion mean of three seed metrics,T850,All grid cells,72,0.9776873592470001,0.9558725899559327,0.053449211501823524,0.9530050639304198
Frozen phase-selective fusion mean of three seed metrics,T850,All grid cells,120,1.4772505038854726,2.182269434728136,0.028131468325596473,2.1814194229152197
Frozen phase-selective fusion mean of three seed metrics,T850,All grid cells,168,2.091284105616212,4.373486008233107,-0.06113971198249674,4.369726369235594
